student_id,academic_year,cohort,start_cohort,sub_cohort,status,who5_skew,who5_kurtosis,who5_volatility,engagement_volatility,who5_eng_corr
30d7ca8c-87c5-490c-ac6a-fd4167ed38e3,2019-2020,7,7,A,active,0.11074142310689596,-0.24880767590028263,12.863237850137258,24.42572870728326,0.322616252728581
30d7ca8c-87c5-490c-ac6a-fd4167ed38e3,2020-2021,8,7,A,active,0.1657180402013095,-0.2909672054822443,12.610643920156166,21.89443939936512,0.5403330738072921
30d7ca8c-87c5-490c-ac6a-fd4167ed38e3,2021-2022,9,7,A,active,-0.7897854527828266,0.7531363047248263,10.072878833243442,20.085164515515498,0.5541521270493164
30d7ca8c-87c5-490c-ac6a-fd4167ed38e3,2022-2023,10,7,A,active,-0.3152699081364678,-0.8025299678226387,12.642280666827464,28.52810317006562,0.5672120661662408
30d7ca8c-87c5-490c-ac6a-fd4167ed38e3,2023-2024,11,7,A,active,-0.5258295460869064,-0.12728001810787193,10.891688569365073,18.84026851929332,0.4868218931254252
30d7ca8c-87c5-490c-ac6a-fd4167ed38e3,2024-2025,12,7,A,active,-0.3410144160144667,-0.5080236093545079,13.76023726374861,25.02490640133657,0.3207779325945944
eac1ea9a-0742-44fa-b3b3-6b7346f3d161,2019-2020,7,7,A,active,0.11985554486439477,0.43056861789722056,13.345203892656425,24.89043578776746,0.590117773622744
eac1ea9a-0742-44fa-b3b3-6b7346f3d161,2020-2021,8,7,A,active,-0.24445142143832055,-0.18771391674866278,8.545504141104901,20.2815260939225,0.4273744705267077
eac1ea9a-0742-44fa-b3b3-6b7346f3d161,2021-2022,9,7,A,active,0.054242192430121065,-0.6772842719761414,12.198980068425868,27.180685125645468,0.55531614443925
eac1ea9a-0742-44fa-b3b3-6b7346f3d161,2022-2023,10,7,A,active,-0.2526034232019104,-0.5727305672909648,12.083381032061842,23.264592350118022,0.4287383513051383
eac1ea9a-0742-44fa-b3b3-6b7346f3d161,2023-2024,11,7,A,active,-0.26615970271115624,-0.49511700368321065,12.05206877151862,21.865203267767995,0.4198964791571064
eac1ea9a-0742-44fa-b3b3-6b7346f3d161,2024-2025,12,7,A,active,-0.3611163699207888,-0.5665983694872994,12.885879245927335,21.23953669382977,0.17883278791764098
4ba2bca0-bf43-485b-aa16-6f6ad5b7e509,2019-2020,7,7,A,active,0.32669263803414245,-0.41669372011742034,13.623033602484176,20.66310532050706,0.34438172481552565
4ba2bca0-bf43-485b-aa16-6f6ad5b7e509,2020-2021,8,7,A,active,-0.057813459121182596,-1.3444595215094994,13.739822635168327,21.75203325810192,0.6400123290980361
4ba2bca0-bf43-485b-aa16-6f6ad5b7e509,2021-2022,9,7,A,active,-0.473933215901294,-0.4259028952017774,8.360307221753592,30.666132137293346,0.5892776838628172
4ba2bca0-bf43-485b-aa16-6f6ad5b7e509,2022-2023,10,7,A,active,-0.5282979439144391,1.4666569670811347,10.958885253158865,22.9678005360795,0.3033891652210881
4ba2bca0-bf43-485b-aa16-6f6ad5b7e509,2023-2024,11,7,A,active,-0.005787990427170814,-0.21602935959319192,7.6198476541597975,22.952714078639506,0.512333544825673
4ba2bca0-bf43-485b-aa16-6f6ad5b7e509,2024-2025,12,7,A,active,-0.14539967924685787,-0.391931547335183,11.794003371186907,22.940423154807064,0.5570245198663972
b2b56eeb-6544-449d-8501-38c81fd1a64c,2019-2020,7,7,A,active,-0.24288010308414545,-0.5160523198705071,11.954931110957784,20.89624439964995,0.44541484901944517
b2b56eeb-6544-449d-8501-38c81fd1a64c,2020-2021,8,7,A,active,-0.18521811035360192,0.7318932589883618,11.196683526710082,20.108612205157144,0.3848935291688479
b2b56eeb-6544-449d-8501-38c81fd1a64c,2021-2022,9,7,A,active,-0.16974667819010064,-0.364509036331814,10.965779183004665,24.33089061472491,0.3888350479821085
b2b56eeb-6544-449d-8501-38c81fd1a64c,2022-2023,10,7,A,active,-0.20655290393154493,-0.596122817149336,14.021383322746756,21.38402509648701,0.5640659451022324
b2b56eeb-6544-449d-8501-38c81fd1a64c,2023-2024,11,7,A,active,0.593599936436888,0.19783392803098643,13.446751083806506,21.966449325823934,0.645534466561175
b2b56eeb-6544-449d-8501-38c81fd1a64c,2024-2025,12,7,A,active,0.32500478084980927,0.9557477722528831,12.72145265387689,19.602054187090026,0.5478200917768861
cb89fc48-9013-42a3-9477-eed170e1a12e,2019-2020,7,7,A,active,-1.4856849564693153,4.471432723045626,11.424811411549587,25.638686388675936,0.5215734406595369
cb89fc48-9013-42a3-9477-eed170e1a12e,2020-2021,8,7,A,active,-0.32197335559223683,0.09180931175978158,8.56695468358549,19.57558931286247,0.4438893294802118
cb89fc48-9013-42a3-9477-eed170e1a12e,2021-2022,9,7,A,active,-0.56835985503739,1.5132647656213596,12.233446774029362,24.02968988097755,0.681380301904798
cb89fc48-9013-42a3-9477-eed170e1a12e,2022-2023,10,7,A,active,-0.3382555057420125,-0.6587133695656702,12.046692783396772,23.460086904912504,0.5082563838000784
cb89fc48-9013-42a3-9477-eed170e1a12e,2023-2024,11,7,A,active,-1.0178147598620384,1.199352303601544,8.248502092781992,20.46495762097841,0.494464265717233
cb89fc48-9013-42a3-9477-eed170e1a12e,2024-2025,12,7,A,active,0.010214862397032858,-0.15383005592123933,11.705795189804109,22.735144943259343,0.3623423113901102
354a839f-d05b-4578-8c90-4851b6d266bd,2019-2020,7,7,A,active,-0.4017958236861915,-0.14394067334698457,12.678096980617104,24.649920409003876,0.5908361023495061
354a839f-d05b-4578-8c90-4851b6d266bd,2020-2021,8,7,A,active,-0.7662497772164186,0.6003887912799497,11.442751950458861,22.936574205237587,0.5041374543260566
354a839f-d05b-4578-8c90-4851b6d266bd,2021-2022,9,7,A,active,0.4019644305180354,-0.2495505110104892,12.936051580730698,24.439628838270167,0.34848536931097013
354a839f-d05b-4578-8c90-4851b6d266bd,2022-2023,10,7,A,active,0.25762142593307225,-0.9197640765079402,14.033697636963753,29.068002873687664,0.4963753262346883
354a839f-d05b-4578-8c90-4851b6d266bd,2023-2024,11,7,A,active,0.30245707490485174,-0.1708684832681957,11.149335958149809,23.387536088817985,0.6343846133654018
354a839f-d05b-4578-8c90-4851b6d266bd,2024-2025,12,7,A,active,-0.20422976782243518,-0.8910325302199378,11.045238836017507,21.762120479605098,0.4598410966328874
acd1a447-c14e-4f08-837f-fe349cab58aa,2019-2020,7,7,A,active,0.1861134822298067,-0.829668451637469,11.889731788282733,19.957834640558957,0.6293896811038693
acd1a447-c14e-4f08-837f-fe349cab58aa,2020-2021,8,7,A,active,-0.7606622184971463,0.012546461116933916,13.366221247807626,19.81650332715948,0.35630187425388865
acd1a447-c14e-4f08-837f-fe349cab58aa,2021-2022,9,7,A,active,0.7139126587017393,1.038338888830907,13.625410887835574,23.92868701330056,0.5766170848582308
acd1a447-c14e-4f08-837f-fe349cab58aa,2022-2023,10,7,A,active,-0.6710281399089556,0.17241248215202054,10.527773178463049,23.042645685004025,0.44542807732944617
acd1a447-c14e-4f08-837f-fe349cab58aa,2023-2024,11,7,A,active,-0.8792841992801902,0.43167805480464505,10.401909925319817,22.57563909765472,0.5139731634647858
acd1a447-c14e-4f08-837f-fe349cab58aa,2024-2025,12,7,A,active,-0.193425444699948,0.12645791127641548,13.511628420146204,20.82853465371613,0.37327408290133696
fe4ab165-3b16-4bd6-a51d-caaeb37ede92,2019-2020,7,7,A,active,0.211026400004767,-0.47264236052286135,12.830463075276974,22.301687755768377,0.5409495077826351
fe4ab165-3b16-4bd6-a51d-caaeb37ede92,2020-2021,8,7,A,active,-0.18048959918602858,-0.5457597515210693,11.679942321414904,28.72199397875903,0.3373014259578891
fe4ab165-3b16-4bd6-a51d-caaeb37ede92,2021-2022,9,7,A,active,-0.5088529472202117,-0.636008890432004,9.483275996022375,20.503457684043205,0.33219799607097134
fe4ab165-3b16-4bd6-a51d-caaeb37ede92,2022-2023,10,7,A,active,-0.07343753170700607,-0.4959066593724053,16.471461435930866,23.811388319101482,0.545968764681539
fe4ab165-3b16-4bd6-a51d-caaeb37ede92,2023-2024,11,7,A,active,0.17787412309084819,-1.0928291890391015,11.126071799346368,23.09000617670737,0.5702012820026708
fe4ab165-3b16-4bd6-a51d-caaeb37ede92,2024-2025,12,7,A,active,-0.29531842773392186,-0.3018975046004675,11.340396306746165,21.684597568928858,0.5386646375160106
8c0e1e01-8cb0-418d-b2bc-1ae4b13d70d8,2019-2020,7,7,A,active,0.07939969065239774,-0.8053731684865584,15.065847373613614,21.356481218388485,0.36755713463384615
8c0e1e01-8cb0-418d-b2bc-1ae4b13d70d8,2020-2021,8,7,A,active,-0.10996025073504198,-0.2689157317300652,10.90258670046396,23.62555993592804,0.4568122017020742
8c0e1e01-8cb0-418d-b2bc-1ae4b13d70d8,2021-2022,9,7,A,active,-0.3173570164746522,-0.759685430989387,13.571423498015346,21.345798706080075,0.5267662795402467
8c0e1e01-8cb0-418d-b2bc-1ae4b13d70d8,2022-2023,10,7,A,active,-0.11375169357783502,-0.6417085442172152,9.575046290801165,28.66858731465061,0.6196573971206134
8c0e1e01-8cb0-418d-b2bc-1ae4b13d70d8,2023-2024,11,7,A,active,0.3676888977678295,-0.21687343152220517,10.778095445416103,23.36010801470363,0.5390849518790766
8c0e1e01-8cb0-418d-b2bc-1ae4b13d70d8,2024-2025,12,7,A,active,-1.2505533614842934,2.197266366051517,8.379655331920361,20.5871718169972,0.7127043999437773
0565ea1d-08d5-41b8-826c-73b31153a0f1,2019-2020,7,7,A,active,-0.6764046179427838,-0.0408353948307969,6.864015577746891,22.07492224585704,0.5564440230877222
0565ea1d-08d5-41b8-826c-73b31153a0f1,2020-2021,8,7,A,active,0.055373446910313866,-0.7538314438582701,14.212575450799529,25.01568249332102,0.3862724354952321
0565ea1d-08d5-41b8-826c-73b31153a0f1,2021-2022,9,7,A,active,-0.7308967678081773,-0.5923599808699933,9.6993954762443,21.084265131327694,0.5244082242019135
0565ea1d-08d5-41b8-826c-73b31153a0f1,2022-2023,10,7,A,active,-0.02959444174790977,-0.9927994782766625,12.672986561740768,21.843794338891115,0.6066770306942286
0565ea1d-08d5-41b8-826c-73b31153a0f1,2023-2024,11,7,A,active,-0.03800607616625554,-0.45272908663892153,15.265177399088454,24.76066243872358,0.19925255212107978
0565ea1d-08d5-41b8-826c-73b31153a0f1,2024-2025,12,7,A,active,0.3158981824918261,-0.7833898271680111,9.483275996022376,21.99698437242449,0.5315495788962586
247f6ec8-a1a3-4e95-bbd7-8e7443f67dcf,2019-2020,7,7,A,active,0.3647845597855115,0.0488508998113919,14.055989833605786,25.1302617724728,0.42127143553226803
247f6ec8-a1a3-4e95-bbd7-8e7443f67dcf,2020-2021,8,7,A,active,-0.6195005854155711,0.7350585102299201,11.747225244485158,21.654659439736136,0.6661831744750238
247f6ec8-a1a3-4e95-bbd7-8e7443f67dcf,2021-2022,9,7,A,active,-0.8386642331363591,1.3845227033200214,10.988400214374021,24.716312720088556,0.5357479722397509
247f6ec8-a1a3-4e95-bbd7-8e7443f67dcf,2022-2023,10,7,A,active,0.09775089732658326,-1.1212337622697912,11.420085532790386,25.387896364282202,0.5105032658179587
247f6ec8-a1a3-4e95-bbd7-8e7443f67dcf,2023-2024,11,7,A,active,0.2145009029471322,-0.6138346206117493,13.55470746519218,25.811346131176542,0.4381670509688567
247f6ec8-a1a3-4e95-bbd7-8e7443f67dcf,2024-2025,12,7,A,active,-0.4990682221979652,-0.3858646483227366,14.726659292830993,20.070634238280515,0.38522443449069443
0b8dca40-6354-4d3a-9c93-fb1d42e8a06d,2019-2020,7,7,A,active,0.12665147352618877,0.1440196428658691,12.352011970933905,20.551716148024695,0.44456401212868557
0b8dca40-6354-4d3a-9c93-fb1d42e8a06d,2020-2021,8,7,A,active,0.049530908527889175,0.9025871192544188,13.8805391005536,21.92379643714663,0.6233783258683252
0b8dca40-6354-4d3a-9c93-fb1d42e8a06d,2021-2022,9,7,A,active,-0.8389218041487027,-0.046749650004089816,11.068672891008712,21.753509109075658,0.5054626146060147
0b8dca40-6354-4d3a-9c93-fb1d42e8a06d,2022-2023,10,7,A,active,-0.07675903635502349,-0.4660051259416669,12.060128260396732,25.209972862848574,0.5213092660466918
0b8dca40-6354-4d3a-9c93-fb1d42e8a06d,2023-2024,11,7,A,active,-0.059961028339355106,0.08811550789739275,9.94234391022307,23.70016198946822,0.5805360991471998
0b8dca40-6354-4d3a-9c93-fb1d42e8a06d,2024-2025,12,7,A,active,-0.6050347556563673,0.9897489367731156,9.909713878301309,20.300862456064564,0.6713018455722295
f628b27f-2ad8-48fa-a9c2-b19d2fd3827b,2019-2020,7,7,A,active,-0.2667579762795522,-0.7666294647944749,12.111047142505441,23.781755393747446,0.28789637033705795
f628b27f-2ad8-48fa-a9c2-b19d2fd3827b,2020-2021,8,7,A,active,0.21084334087129067,-0.8372402443649012,13.137290210012043,21.138373362462705,0.6462219795526314
f628b27f-2ad8-48fa-a9c2-b19d2fd3827b,2021-2022,9,7,A,active,-0.6770731379132535,0.13834318155355563,10.693623158140236,20.682871923823967,0.5940103469937601
f628b27f-2ad8-48fa-a9c2-b19d2fd3827b,2022-2023,10,7,A,active,-0.297546063905027,-0.6627103083894994,11.899715915365238,17.80393321034633,0.5095252428885727
f628b27f-2ad8-48fa-a9c2-b19d2fd3827b,2023-2024,11,7,A,active,-0.5781642328315039,-0.39886010774479574,10.780098622730197,23.615985112502536,0.4006100897219069
f628b27f-2ad8-48fa-a9c2-b19d2fd3827b,2024-2025,12,7,A,active,0.47300021375733803,-0.4045654515909778,13.068076709290164,23.73600404547495,0.36279586100926176
696b60ac-df8d-4081-98cb-9761056e89f6,2019-2020,7,7,A,active,-0.24125209234271403,-0.6012437905582511,10.54109623575992,23.1091703495621,0.49188120028106747
696b60ac-df8d-4081-98cb-9761056e89f6,2020-2021,8,7,A,active,-0.5008576905707682,-0.48199534807462774,14.681136280381399,19.99403860964638,0.6996697800791775
696b60ac-df8d-4081-98cb-9761056e89f6,2021-2022,9,7,A,active,0.6697900799772089,0.7193882433005903,12.201634810048478,21.32185129029184,0.47708512697401545
696b60ac-df8d-4081-98cb-9761056e89f6,2022-2023,10,7,A,active,-0.709109162767764,1.4948276482016638,11.328013358028675,19.937700561892687,0.6942210562003547
696b60ac-df8d-4081-98cb-9761056e89f6,2023-2024,11,7,A,active,-0.5552482092648506,0.4191423667247842,16.116981262638575,25.805310981709923,0.3693630358104305
696b60ac-df8d-4081-98cb-9761056e89f6,2024-2025,12,7,A,active,0.13368747598533737,-0.7251849196672424,13.595267891506785,19.790314389902683,0.39906077105892895
6c93312a-0517-42a4-bb0c-e708d1a92c2b,2019-2020,7,7,A,active,0.032135465798650856,-0.4035547066925864,17.006785975920586,20.804828727654805,0.5962854268098244
6c93312a-0517-42a4-bb0c-e708d1a92c2b,2020-2021,8,7,A,active,0.5963933108386205,-0.4752878722217351,10.808104121900916,26.260065705251314,0.48214672882329146
6c93312a-0517-42a4-bb0c-e708d1a92c2b,2021-2022,9,7,A,active,0.29991030460100904,0.6547571956934317,11.124130923309037,25.73338903377545,0.5711003927889815
6c93312a-0517-42a4-bb0c-e708d1a92c2b,2022-2023,10,7,A,active,-0.34021773916892833,-0.7424489654634385,9.365281737582247,23.638801983131767,0.4171181102146422
6c93312a-0517-42a4-bb0c-e708d1a92c2b,2023-2024,11,7,A,active,-0.7272387112705937,1.6451620646763843,13.57619572701991,22.767656347691137,0.527896718171182
6c93312a-0517-42a4-bb0c-e708d1a92c2b,2024-2025,12,7,A,active,-0.22226080058381578,-0.5520575218810881,12.440845183503091,27.269369005762854,0.4851524919688464
baa42367-c613-4e21-bd73-b945a6850ba0,2019-2020,7,7,B,active,0.46639164827764484,-0.0742357879417308,12.42955860541741,20.94032530282117,0.44616050491459236
baa42367-c613-4e21-bd73-b945a6850ba0,2020-2021,8,7,B,active,0.226205794234513,-0.5736545309367398,11.892455563307193,22.195002503670686,0.3844681919905416
baa42367-c613-4e21-bd73-b945a6850ba0,2021-2022,9,7,B,active,-0.2824423554093715,-0.8603176803349077,8.244574546129936,24.38900854734612,0.37363106111137306
baa42367-c613-4e21-bd73-b945a6850ba0,2022-2023,10,7,B,active,0.15210283319634152,-0.7398946558170749,11.889731788282736,20.61911223985144,0.6284844487634047
baa42367-c613-4e21-bd73-b945a6850ba0,2023-2024,11,7,B,active,0.18600202245095884,-0.571332100146507,12.820361672523326,23.18152110795492,0.4495568507161089
baa42367-c613-4e21-bd73-b945a6850ba0,2024-2025,12,7,B,active,-0.10882313227110342,-0.3181720389941045,11.195719251332443,28.547426525888962,0.5621174141258841
c2882cc9-a299-4256-9cb6-0e5141bbd88f,2019-2020,7,7,B,active,-0.8508326030933304,1.1163612448641063,6.383176268226896,18.520744929456704,0.6244077189709334
c2882cc9-a299-4256-9cb6-0e5141bbd88f,2020-2021,8,7,B,active,0.20783475891102104,0.30578851405783114,12.241386847772398,26.89758570211778,0.34229176406874445
c2882cc9-a299-4256-9cb6-0e5141bbd88f,2021-2022,9,7,B,active,-0.09548411933685971,-0.42064491189814124,12.378205565002007,20.626752262772165,0.3613939799605838
c2882cc9-a299-4256-9cb6-0e5141bbd88f,2022-2023,10,7,B,active,-0.6320753362188345,0.5946963998912045,13.947269115833166,18.241517173369562,0.5031998936981941
c2882cc9-a299-4256-9cb6-0e5141bbd88f,2023-2024,11,7,B,active,-0.04389793248501374,-0.9818879186312692,11.757330386348984,21.88327011734232,0.49749257183901047
c2882cc9-a299-4256-9cb6-0e5141bbd88f,2024-2025,12,7,B,active,0.004936217752729328,-0.03399369975351352,11.780264380729832,22.220941445193727,0.5456793062147695
beae2e38-0c59-4063-a3ff-bcae1e0c94d2,2019-2020,7,7,B,active,-0.5459927010084098,-0.03754290500322188,12.610643920156168,26.58471985659936,0.448992490344262
beae2e38-0c59-4063-a3ff-bcae1e0c94d2,2020-2021,8,7,B,active,0.05448424675657284,-0.42204391891891824,11.607620001760186,24.482904620010665,0.37539793209840044
beae2e38-0c59-4063-a3ff-bcae1e0c94d2,2021-2022,9,7,B,active,0.8223854684469385,0.31688171401826626,11.870647863606871,26.187644367984703,0.44552887938782515
beae2e38-0c59-4063-a3ff-bcae1e0c94d2,2022-2023,10,7,B,active,-0.106195006825265,-0.8144195051386989,6.584650699263328,28.176003330585694,0.7295685620663143
beae2e38-0c59-4063-a3ff-bcae1e0c94d2,2023-2024,11,7,B,active,-0.2937462753793394,0.02242473439524284,11.91965908088769,19.577761741362586,0.4334585382870163
beae2e38-0c59-4063-a3ff-bcae1e0c94d2,2024-2025,12,7,B,active,-1.4929347333920564,4.535543490623525,11.024693177096712,21.506950907127987,0.5452738363801155
4170287a-1dba-4c06-b9a6-a4715d9aff04,2019-2020,7,7,B,active,0.14756318118313855,-0.24387077183094785,14.887069265273198,21.141653422768574,0.6446488897169749
4170287a-1dba-4c06-b9a6-a4715d9aff04,2020-2021,8,7,B,active,0.5156042807893789,-0.29943185852837706,12.298579622409454,22.97578185293981,0.5216465052808317
4170287a-1dba-4c06-b9a6-a4715d9aff04,2021-2022,9,7,B,active,0.4200595089269347,-0.03917928330506548,15.484265663275869,19.886898510150555,0.46996046502230543
4170287a-1dba-4c06-b9a6-a4715d9aff04,2022-2023,10,7,B,active,-0.2311232800616534,-0.7642774169976825,13.38881842581362,26.562898781810116,0.5014596739548828
4170287a-1dba-4c06-b9a6-a4715d9aff04,2023-2024,11,7,B,active,0.3136098522384529,-0.5614239223126156,11.818693306410193,22.94351212822066,0.5558746425078906
4170287a-1dba-4c06-b9a6-a4715d9aff04,2024-2025,12,7,B,active,0.13216348088556049,-0.23539251503157121,12.644842339340363,24.151732129301934,0.3191086665036947
23beb5c2-c86a-428a-85a3-9cb9fbe9c389,2019-2020,7,7,B,active,0.37960128919296227,-0.3872961272931401,14.930518338883827,24.955646920844668,0.6472291957732611
23beb5c2-c86a-428a-85a3-9cb9fbe9c389,2020-2021,8,7,B,active,0.12151574695914383,-0.7941205755556,13.020900877017796,19.220193663840057,0.4759299929242205
23beb5c2-c86a-428a-85a3-9cb9fbe9c389,2021-2022,9,7,B,active,-0.9623683710908372,1.2841708120452733,9.155428026486698,28.156685553437704,0.4614664308192232
23beb5c2-c86a-428a-85a3-9cb9fbe9c389,2022-2023,10,7,B,active,-0.12319548403223515,-1.1754220725050826,6.719359907822337,25.130241336887803,0.5080210924475466
23beb5c2-c86a-428a-85a3-9cb9fbe9c389,2023-2024,11,7,B,active,-1.0440740881987811,2.716203702988807,8.602168386207596,26.829348387786723,0.4922036884605392
23beb5c2-c86a-428a-85a3-9cb9fbe9c389,2024-2025,12,7,B,active,0.18810581915800695,-0.5474812026379543,14.173019929680672,28.34965766155151,0.559463562091012
a2b8594d-fd49-436d-a030-0f6154787662,2019-2020,7,7,B,active,-0.3534498288413192,-0.45436443208717625,12.962730756440463,23.377319922922375,0.49466758999556937
a2b8594d-fd49-436d-a030-0f6154787662,2020-2021,8,7,B,active,0.2371239932544283,0.798015426268802,13.354908320475772,25.533513679511017,0.4090956982666068
a2b8594d-fd49-436d-a030-0f6154787662,2021-2022,9,7,B,active,-0.21778529690409415,-0.6261011757156107,7.783854704584247,20.93235154844048,0.5787832775342932
a2b8594d-fd49-436d-a030-0f6154787662,2022-2023,10,7,B,active,-0.05021655374876213,-0.2238202384105521,11.600176833311748,23.316529931022096,0.4990362776278211
a2b8594d-fd49-436d-a030-0f6154787662,2023-2024,11,7,B,active,-0.48940448256074337,0.042276712698857466,12.852322211756823,23.784548661748435,0.5627575346885524
a2b8594d-fd49-436d-a030-0f6154787662,2024-2025,12,7,B,active,-0.6067233436127558,-0.3219459756056322,11.758248604975583,22.45858108132658,0.6083171473694048
35e0c7e6-0068-452f-9972-3a2a509028dc,2019-2020,7,7,B,active,-0.4169122049162529,-0.4494318960400725,13.554707465192177,24.47340934302127,0.3920027925803063
35e0c7e6-0068-452f-9972-3a2a509028dc,2020-2021,8,7,B,active,-0.12597880533308217,-0.8166211783739921,12.539384647638439,20.16053194598588,0.4788481030035174
35e0c7e6-0068-452f-9972-3a2a509028dc,2021-2022,9,7,B,active,0.035588471853235444,-0.8332031378886011,14.915325560382504,24.49623753334874,0.4112303301388179
35e0c7e6-0068-452f-9972-3a2a509028dc,2022-2023,10,7,B,active,-0.06912379991989795,-1.115285552708876,9.99865038126115,24.455603022414955,0.6887179465275435
35e0c7e6-0068-452f-9972-3a2a509028dc,2023-2024,11,7,B,active,-0.5156746499965621,-0.9126596698893161,13.626203224119081,23.719677566997664,0.6197956730479321
35e0c7e6-0068-452f-9972-3a2a509028dc,2024-2025,12,7,B,active,-0.3896791290977929,-0.587273037961169,11.840596695034712,20.974545502541194,0.3192944041572728
f01d2976-14b0-47d4-ac0a-947335be7d1b,2019-2020,7,7,B,active,-0.4632969092753558,1.0369247087990656,11.340396306746168,22.057492624730884,0.48053793813391343
f01d2976-14b0-47d4-ac0a-947335be7d1b,2020-2021,8,7,B,active,-0.7196787143646233,-0.19046319484723417,10.257678733975181,22.03127901355764,0.4548008261795295
f01d2976-14b0-47d4-ac0a-947335be7d1b,2021-2022,9,7,B,active,-0.1903535682742051,-1.1987510038102656,13.492438028044479,24.26028619544079,0.43282855456114233
f01d2976-14b0-47d4-ac0a-947335be7d1b,2022-2023,10,7,B,active,0.4054658256741184,0.849490686974911,12.08338103206184,27.32066113557868,0.4476695738373119
f01d2976-14b0-47d4-ac0a-947335be7d1b,2023-2024,11,7,B,active,0.0005217193857115284,1.2764940773853617,13.789236742203087,23.697407130625983,0.6043225296170962
f01d2976-14b0-47d4-ac0a-947335be7d1b,2024-2025,12,7,B,active,0.5779492596964173,0.1054271659547843,12.249321774719641,23.361074599082936,0.6609628540519714
4bd58e00-2fec-44cf-ac7b-2a2266414a38,2019-2020,7,7,B,active,-0.22993679359497105,-0.030371412928442698,11.946800654733492,23.628899663051275,0.6721008880923381
4bd58e00-2fec-44cf-ac7b-2a2266414a38,2020-2021,8,7,B,active,-0.3789764372162114,-0.5594368163380419,11.405896147895271,21.395972329593242,0.6582603391034484
4bd58e00-2fec-44cf-ac7b-2a2266414a38,2021-2022,9,7,B,active,0.002021424820775306,-0.4612653600122343,11.111506965508074,20.876616555817424,0.4205172935102402
4bd58e00-2fec-44cf-ac7b-2a2266414a38,2022-2023,10,7,B,active,0.05763339832547096,-0.42340188651901967,13.328204141632346,24.591231803782943,0.583561017681512
4bd58e00-2fec-44cf-ac7b-2a2266414a38,2023-2024,11,7,B,active,-0.8120691813307879,1.4874768005386132,14.838400778110215,25.243219469641677,0.56664848037664
4bd58e00-2fec-44cf-ac7b-2a2266414a38,2024-2025,12,7,B,active,0.08245219269973401,-0.6578190350227304,13.739822635168329,24.547916718496257,0.4987803106716822
933d7bcf-2e25-4047-ba08-efb85aa23d02,2019-2020,7,7,B,active,0.15162813616545756,-0.8240440310163564,13.822081338337464,24.934192869244676,0.5513672804004733
933d7bcf-2e25-4047-ba08-efb85aa23d02,2020-2021,8,7,B,active,-0.6961912576707864,0.15912777232498554,9.483275996022373,27.662403764319627,0.47320994997928
933d7bcf-2e25-4047-ba08-efb85aa23d02,2021-2022,9,7,B,active,-0.14099311842302423,-0.31950481066871417,11.09497704006494,21.886304695261117,0.4345008326420042
933d7bcf-2e25-4047-ba08-efb85aa23d02,2022-2023,10,7,B,active,0.29436352964857115,0.12558980680322174,14.82092841317102,23.564953054750728,0.6350989664038086
933d7bcf-2e25-4047-ba08-efb85aa23d02,2023-2024,11,7,B,active,-0.33438183846949715,-0.5797180548745149,12.885879245927331,26.036544242056255,0.1926168042840223
933d7bcf-2e25-4047-ba08-efb85aa23d02,2024-2025,12,7,B,active,0.355526802541278,0.4588639124537641,13.105200830163586,25.39192684124818,0.41067150701305927
3a6c9135-b811-45d7-8f13-96aff186fdd7,2019-2020,7,7,B,active,0.26270846478640963,-0.8079634790958843,14.476748540783957,21.5072844232963,0.5070082624214187
3a6c9135-b811-45d7-8f13-96aff186fdd7,2020-2021,8,7,B,active,-0.011709044977306992,-1.0186047236375877,10.092152989170106,22.924902916928044,0.4944707945787794
3a6c9135-b811-45d7-8f13-96aff186fdd7,2021-2022,9,7,B,active,-0.1642156221968396,-0.5861209831418401,13.073032683190325,24.25661304741719,0.5080070081530373
3a6c9135-b811-45d7-8f13-96aff186fdd7,2022-2023,10,7,B,active,-0.6200190399403278,-0.20443125278799412,15.27790250634073,27.49136938171103,0.7235027890369269
3a6c9135-b811-45d7-8f13-96aff186fdd7,2023-2024,11,7,B,active,-1.3982559465112052,3.1882660161051035,12.429558605417414,26.381742525951,0.46866202471609486
3a6c9135-b811-45d7-8f13-96aff186fdd7,2024-2025,12,7,B,active,-0.5087685138929275,-0.3033591064209049,9.046289715946052,19.228117407747987,0.498723053042452
19e7bb52-a242-408a-b54f-f0c82b5e8a78,2019-2020,7,7,B,active,-0.019667625320579148,-0.5002972435893134,13.134002599797897,21.58482589606252,0.47712682898112924
19e7bb52-a242-408a-b54f-f0c82b5e8a78,2020-2021,8,7,B,active,0.1092579638371599,-0.31841499343046387,15.033565683695663,26.18261066571647,0.44547311806051126
19e7bb52-a242-408a-b54f-f0c82b5e8a78,2021-2022,9,7,B,active,-0.17991006981813978,0.5827092651080461,12.711264622888255,19.44730050836209,0.45655414263731087
19e7bb52-a242-408a-b54f-f0c82b5e8a78,2022-2023,10,7,B,active,0.24405623757994105,0.42911061448122867,14.113478784509851,25.814602911792935,0.6583435013123671
19e7bb52-a242-408a-b54f-f0c82b5e8a78,2023-2024,11,7,B,active,-0.4731242331897544,0.015295139442868866,11.53297215351087,20.165183371415733,0.33049156023745385
19e7bb52-a242-408a-b54f-f0c82b5e8a78,2024-2025,12,7,B,active,0.14306243640190705,0.5308064041411944,10.614582691844149,21.383759343459584,0.5337498408641848
92f89a73-9ace-454d-976c-45ffb4595629,2019-2020,7,7,B,active,-0.22890742532183442,-0.4448396689073366,11.721463754608779,19.437041990175377,0.48249705057658254
92f89a73-9ace-454d-976c-45ffb4595629,2020-2021,8,7,B,active,-0.3768669340941557,-0.07384823004343843,14.332846867431332,26.518674840850093,0.3713746041695116
92f89a73-9ace-454d-976c-45ffb4595629,2021-2022,9,7,B,active,-0.45934741522348443,0.09898481653911873,13.048233989947077,21.175528468601673,0.5878207041566733
92f89a73-9ace-454d-976c-45ffb4595629,2022-2023,10,7,B,active,0.29336326711736177,-0.5984327986360944,10.759046659450963,21.463972850071407,0.5690133847020338
92f89a73-9ace-454d-976c-45ffb4595629,2023-2024,11,7,B,active,-0.3331616878442805,-0.5246210740460961,8.75147953560301,26.135269725690023,0.6234349585917903
92f89a73-9ace-454d-976c-45ffb4595629,2024-2025,12,7,B,active,0.2940035059881954,-1.010703936907609,13.578581212567414,26.791291861808617,0.6013037289399833
4dd27636-923a-4883-ad52-e8a5002f4fb9,2019-2020,7,7,B,active,-0.17357770529193917,-0.4408829548913933,12.787477004911764,23.758187717380398,0.6058816025275844
4dd27636-923a-4883-ad52-e8a5002f4fb9,2020-2021,8,7,B,active,-0.9359920507655479,0.8349737849631085,16.784415366353493,23.978401557790775,0.671582339068021
4dd27636-923a-4883-ad52-e8a5002f4fb9,2021-2022,9,7,B,active,-0.10133502887578878,-0.15118138839833772,9.923866731480404,21.689919873779814,0.57311161859768
4dd27636-923a-4883-ad52-e8a5002f4fb9,2022-2023,10,7,B,active,-0.3798261793602434,-0.4054060096792611,13.272194509519347,21.029894566149384,0.39658784772033995
4dd27636-923a-4883-ad52-e8a5002f4fb9,2023-2024,11,7,B,active,-0.8063129585740464,-0.24046055332205585,12.993510266353558,17.74198025646796,0.45129786404848116
4dd27636-923a-4883-ad52-e8a5002f4fb9,2024-2025,12,7,B,active,-0.37943961026782447,-0.5109514223295868,14.436421177364435,19.850745041278856,0.5007809132014022
a854d0aa-a34b-4095-bbdf-08d6bf1cc227,2019-2020,7,7,B,active,-1.6979946687459029,5.498266474430405,10.30807500246337,22.942004782142128,0.42442760325262263
a854d0aa-a34b-4095-bbdf-08d6bf1cc227,2020-2021,8,7,B,active,-1.0828728607429505,1.2334548965535026,9.994330376574178,23.7539655227659,0.6182621768251408
a854d0aa-a34b-4095-bbdf-08d6bf1cc227,2021-2022,9,7,B,active,0.1986688818721043,-0.7546321714673252,11.383156342293224,23.06358589419081,0.5011239596420775
a854d0aa-a34b-4095-bbdf-08d6bf1cc227,2022-2023,10,7,B,active,-0.37449195175989086,0.44697579964983714,14.484949609238766,26.71516924611809,0.46950257132910944
a854d0aa-a34b-4095-bbdf-08d6bf1cc227,2023-2024,11,7,B,active,1.0413658347296708,1.9478595745144256,13.122489477780766,24.733431899364394,0.33502695944030364
a854d0aa-a34b-4095-bbdf-08d6bf1cc227,2024-2025,12,7,B,active,-0.39975626069718057,0.018220368806306286,10.382170952368803,26.817670898769734,0.5495677261692428
70bb1218-b8ad-4842-8f23-dfcb944be9dd,2019-2020,7,7,C,active,-0.31515472885979046,-0.45990464781842366,14.332846867431334,25.751723569031896,0.49113464945077895
70bb1218-b8ad-4842-8f23-dfcb944be9dd,2020-2021,8,7,C,active,-0.3071304728536183,0.18198516464427605,14.498359533057437,19.602327617008974,0.3908806176039947
70bb1218-b8ad-4842-8f23-dfcb944be9dd,2021-2022,9,7,C,active,0.07457293414488446,0.23578216165792698,12.052068771518618,25.93919831366373,0.6027490899077809
70bb1218-b8ad-4842-8f23-dfcb944be9dd,2022-2023,10,7,C,active,-0.06780464675201517,-1.1907170328222962,12.0,22.82285287549522,0.4253150094739422
70bb1218-b8ad-4842-8f23-dfcb944be9dd,2023-2024,11,7,C,active,-0.1432926334949039,-0.1463722071460265,11.270684987212254,24.406010816365008,0.12119301413592456
70bb1218-b8ad-4842-8f23-dfcb944be9dd,2024-2025,12,7,C,active,-0.6835814655505292,-0.35431964195920473,12.1217396523655,27.72308719437399,0.5616061752550179
40cca0ac-78f1-47e8-9dc0-84b6a86a5e46,2019-2020,7,7,C,active,-0.4308190528700616,1.1698269805146522,14.795410894455161,26.26051062514266,0.566591799597385
40cca0ac-78f1-47e8-9dc0-84b6a86a5e46,2020-2021,8,7,C,active,-0.1551265351358495,-0.587080471093806,12.118176530697587,23.96263988776771,0.6780510489895659
40cca0ac-78f1-47e8-9dc0-84b6a86a5e46,2021-2022,9,7,C,active,-0.10175969798541823,-0.7107484291578317,13.80957832235639,20.940169937833957,0.6355683285998659
40cca0ac-78f1-47e8-9dc0-84b6a86a5e46,2022-2023,10,7,C,active,-0.6961809810942524,-0.265937699445415,11.669770167509007,21.24616785134711,0.6050008474031663
40cca0ac-78f1-47e8-9dc0-84b6a86a5e46,2023-2024,11,7,C,active,-0.6785766413599007,-0.4128483768474105,12.748580932381206,28.305014241151333,0.6136131098375132
40cca0ac-78f1-47e8-9dc0-84b6a86a5e46,2024-2025,12,7,C,active,-0.11542443525571472,-0.6531155117005696,13.819737884478183,20.738006619782443,0.5055942317685631
701acbed-cf4a-4ec0-b05d-bcdbf246dd5e,2019-2020,7,7,C,active,-0.35094153016569557,-0.12168143235571005,12.34589213591221,18.72436251334653,0.4383419539258764
701acbed-cf4a-4ec0-b05d-bcdbf246dd5e,2020-2021,8,7,C,active,-0.17360964037371687,-0.8857493254132622,11.308936191648385,25.671419262321802,0.5317048856388269
701acbed-cf4a-4ec0-b05d-bcdbf246dd5e,2021-2022,9,7,C,active,-0.005713199944973328,0.36298731973894016,10.699679009399466,21.923467446741153,0.5402629213360947
701acbed-cf4a-4ec0-b05d-bcdbf246dd5e,2022-2023,10,7,C,active,-0.6289902785973618,-0.2741171429068676,12.54196733648138,24.505456036686446,0.3828430536844122
701acbed-cf4a-4ec0-b05d-bcdbf246dd5e,2023-2024,11,7,C,active,0.06326749997259758,-0.4049408141744508,13.048233989947077,25.85779519842054,0.5177765134361314
701acbed-cf4a-4ec0-b05d-bcdbf246dd5e,2024-2025,12,7,C,active,-0.44423086275832424,-0.28252692730105355,7.03183430245764,21.29252199091444,0.5473197436702978
ae938fd8-f635-4a4a-86f8-43bf5c31b700,2019-2020,7,7,C,active,0.13886217421087074,-0.4389370106010051,15.243945281530262,20.357753232722622,0.39418935687283274
ae938fd8-f635-4a4a-86f8-43bf5c31b700,2020-2021,8,7,C,active,-0.07268661765987576,-0.3920408920739358,14.171496358600786,23.198740606081873,0.5470684449861984
ae938fd8-f635-4a4a-86f8-43bf5c31b700,2021-2022,9,7,C,active,0.22600530153400233,-0.902021186141408,13.9457208814813,23.435660363987385,0.33481840755449027
ae938fd8-f635-4a4a-86f8-43bf5c31b700,2022-2023,10,7,C,active,-0.5905627250449867,0.561556011161727,12.29331143642243,26.827637948127848,0.5053622342490013
ae938fd8-f635-4a4a-86f8-43bf5c31b700,2023-2024,11,7,C,active,0.07046119453879125,0.018841104656004415,11.541394139247773,24.15130132271687,0.4838906378206412
ae938fd8-f635-4a4a-86f8-43bf5c31b700,2024-2025,12,7,C,active,0.2107290711239427,0.8018698333774514,11.585276150432554,22.890273615591088,0.5297574070694967
f3c87fd8-b238-4540-bedb-fec1a5623589,2019-2020,7,7,C,active,0.05338383399684228,-0.7629143454992731,13.13482457949641,24.71174846407614,0.3403488725829356
f3c87fd8-b238-4540-bedb-fec1a5623589,2020-2021,8,7,C,active,-0.0803768717126651,-0.014113061439305685,12.434769068276927,25.006691244999974,0.466514099792733
f3c87fd8-b238-4540-bedb-fec1a5623589,2021-2022,9,7,C,active,0.06691551505230951,-1.1852746164079948,15.96960676037365,23.586792556818803,0.5341533990005556
f3c87fd8-b238-4540-bedb-fec1a5623589,2022-2023,10,7,C,active,0.6548095950475772,0.12154205989061406,11.672545270437737,20.71816547462152,0.6231949109484359
f3c87fd8-b238-4540-bedb-fec1a5623589,2023-2024,11,7,C,active,-0.6149702068275312,0.30080149938913614,12.288919556236387,28.59709943172355,0.4866535611015289
f3c87fd8-b238-4540-bedb-fec1a5623589,2024-2025,12,7,C,active,0.07803307789220876,-0.4474625515649744,13.69969019616813,20.62577112589059,0.648369715223151
4da7c990-41a9-49f4-96a6-9d6e3ead39b6,2019-2020,7,7,C,active,-0.14364041753982956,-0.18788444428061535,13.005137570931971,25.276086434147363,0.6393686108554262
4da7c990-41a9-49f4-96a6-9d6e3ead39b6,2020-2021,8,7,C,active,0.05538168484489965,0.06366891127854801,15.423486655772187,21.18747535844941,0.5020326929802086
4da7c990-41a9-49f4-96a6-9d6e3ead39b6,2021-2022,9,7,C,active,0.2945553177630601,-0.5218694200163556,13.281952281583322,25.46621253363564,0.49640626717640496
4da7c990-41a9-49f4-96a6-9d6e3ead39b6,2022-2023,10,7,C,active,-0.011331867789048336,-0.9173144505513977,13.746107288503335,23.700408987496576,0.5071522103241173
4da7c990-41a9-49f4-96a6-9d6e3ead39b6,2023-2024,11,7,C,active,0.27891317418330414,0.27319612704815643,11.851533209091889,23.16225920092226,0.33108530255230717
4da7c990-41a9-49f4-96a6-9d6e3ead39b6,2024-2025,12,7,C,active,-0.095756778392189,-0.08561676645221317,13.065598017387368,20.899964489766095,0.7418725907687372
a8d4b824-f8fd-45c8-95ae-f466575f1388,2019-2020,7,7,C,active,-0.46320483840086374,-0.5013245676012135,8.71439158993478,23.731608121984504,0.5749355987263579
a8d4b824-f8fd-45c8-95ae-f466575f1388,2020-2021,8,7,C,active,-0.4013669666032184,-0.4306463479200784,13.922476705846247,22.89583666125425,0.5956391466220368
a8d4b824-f8fd-45c8-95ae-f466575f1388,2021-2022,9,7,C,active,-0.5606616386313898,-0.12729878216895907,11.308936191648385,26.397376689327537,0.6214670343972946
a8d4b824-f8fd-45c8-95ae-f466575f1388,2022-2023,10,7,C,active,-0.16578566367248443,-0.916734510753543,10.915452281766411,20.000164100185184,0.5458782430249788
a8d4b824-f8fd-45c8-95ae-f466575f1388,2023-2024,11,7,C,active,0.057265715962759776,0.25195741674825944,14.316265769642742,22.636484796512523,0.6479369742236246
a8d4b824-f8fd-45c8-95ae-f466575f1388,2024-2025,12,7,C,active,-0.5675820097782195,0.12772564465837366,13.449159529048154,19.67587589073677,0.5658323763444585
ece2acfb-d561-4e8f-99f2-c550a67196ac,2019-2020,7,7,C,active,-0.7448703562450921,-0.255152552473473,12.900114552421117,24.82015997487839,0.19733765241102477
ece2acfb-d561-4e8f-99f2-c550a67196ac,2020-2021,8,7,C,active,0.550226643921669,-0.3667157400856067,15.100920063844748,25.29085307421905,0.5193166992186383
ece2acfb-d561-4e8f-99f2-c550a67196ac,2021-2022,9,7,C,active,-0.18165281594679172,-0.522595718318466,13.478027302725328,24.58375639905559,0.30405101529717504
ece2acfb-d561-4e8f-99f2-c550a67196ac,2022-2023,10,7,C,active,-0.2594968946531775,-0.5370378856030591,11.49358795601113,24.513684749683577,0.22134847784750872
ece2acfb-d561-4e8f-99f2-c550a67196ac,2023-2024,11,7,C,active,0.7843534611463873,0.5214165750984057,15.064414100778365,24.198447833281488,0.34267679683736485
ece2acfb-d561-4e8f-99f2-c550a67196ac,2024-2025,12,7,C,active,-0.06853839960717119,1.3614415573312515,14.34790396462625,25.650001013097274,0.5561013165364344
602cfa65-598a-4d30-b839-0816c7ab5a5f,2019-2020,7,7,C,active,0.2534963306737703,-0.6722673086309445,14.981770299118406,25.407211444527363,0.6640259231507968
602cfa65-598a-4d30-b839-0816c7ab5a5f,2020-2021,8,7,C,active,0.5048730232838231,-0.49837026718315736,13.697325802617458,25.950182837014527,0.5724158838508042
602cfa65-598a-4d30-b839-0816c7ab5a5f,2021-2022,9,7,C,active,-0.5386460621661718,0.553010255045602,14.180635329687322,21.943279267949258,0.6253584276261483
602cfa65-598a-4d30-b839-0816c7ab5a5f,2022-2023,10,7,C,active,0.27270947340044643,-0.7198309069033342,11.29078302760788,24.75754908287864,0.34888113186918684
602cfa65-598a-4d30-b839-0816c7ab5a5f,2023-2024,11,7,C,active,-0.47551479461613716,-0.343658008606913,13.42425142478304,26.298302258672802,0.2785364460055671
602cfa65-598a-4d30-b839-0816c7ab5a5f,2024-2025,12,7,C,active,-0.6374571053772885,1.104909852784898,13.545146184342038,22.190415860971058,0.6027445831296296
02ec1f8c-cb16-4af4-83dc-0c4f8f5f2569,2019-2020,7,7,C,active,-0.18114090989771878,-0.4073006839492539,12.294189624189125,21.888140073832624,0.6513613935871069
02ec1f8c-cb16-4af4-83dc-0c4f8f5f2569,2020-2021,8,7,C,active,0.43218386794973357,-0.44627137319612276,12.20340431695504,24.19556777882972,0.3743353916664509
02ec1f8c-cb16-4af4-83dc-0c4f8f5f2569,2021-2022,9,7,C,active,-0.4180668525259601,-0.3712030717120589,14.427444233075915,25.379699791781327,0.5814688829321083
02ec1f8c-cb16-4af4-83dc-0c4f8f5f2569,2022-2023,10,7,C,active,-0.2275279497691314,-1.0049565030566252,6.911040669168729,25.210567532208415,0.49708105817728393
02ec1f8c-cb16-4af4-83dc-0c4f8f5f2569,2023-2024,11,7,C,active,-0.021836385735787604,-0.8194058942309859,12.134202338710244,26.839693747300714,0.4600323154717671
02ec1f8c-cb16-4af4-83dc-0c4f8f5f2569,2024-2025,12,7,C,active,-0.2083995864482824,0.2826132065322491,14.572634401998322,23.29066242131302,0.4457532570837792
c42c9d21-7181-4691-8814-a5b23c90c8db,2019-2020,7,7,C,active,0.4798317626334817,1.0854999698099919,7.391135223498334,25.331701050206767,0.5060493959545209
c42c9d21-7181-4691-8814-a5b23c90c8db,2020-2021,8,7,C,active,0.6562590093266076,0.15236284091073005,12.352011970933901,25.162002781231447,0.6305488333688704
c42c9d21-7181-4691-8814-a5b23c90c8db,2021-2022,9,7,C,active,-0.46293780506366705,-0.05670416689673008,8.53412614400768,23.05028899862398,0.5736484791640231
c42c9d21-7181-4691-8814-a5b23c90c8db,2022-2023,10,7,C,active,-0.5977595303601759,-0.15221361635895692,9.49237921481726,20.181758121475198,0.5126833570895307
c42c9d21-7181-4691-8814-a5b23c90c8db,2023-2024,11,7,C,active,-0.48201577669423346,-0.3298052678025334,14.692162847001358,19.36420240919607,0.5799571005288501
c42c9d21-7181-4691-8814-a5b23c90c8db,2024-2025,12,7,C,active,-0.7990818322761081,2.068020476117722,12.530771840352841,20.434168056583168,0.8369510959039395
aac29761-14a6-4a6d-ac61-a7ecd901d2a7,2019-2020,7,7,C,active,-0.3486096198208005,-0.8777832830352987,11.201503658461498,25.745669134001332,0.6375380052558783
aac29761-14a6-4a6d-ac61-a7ecd901d2a7,2020-2021,8,7,C,active,0.3275281335923311,-0.18879879194392757,10.825072112222525,20.059294373757716,0.6525014595112136
aac29761-14a6-4a6d-ac61-a7ecd901d2a7,2021-2022,9,7,C,active,-0.3370521961738012,0.15188872566256606,10.5809647534953,23.40191093291763,0.657165491464118
aac29761-14a6-4a6d-ac61-a7ecd901d2a7,2022-2023,10,7,C,active,0.30936293811404403,0.09667037062983397,13.388818425813616,24.811029577800024,0.6343397276033539
aac29761-14a6-4a6d-ac61-a7ecd901d2a7,2023-2024,11,7,C,active,0.25317993669496325,-0.6547002481408586,14.122655299643569,24.483123485264404,0.5629844845369795
aac29761-14a6-4a6d-ac61-a7ecd901d2a7,2024-2025,12,7,C,active,0.9175885502366002,1.5673342384931752,10.614582691844147,18.618190826214956,0.5468191895210142
bde6b5ba-c610-4d66-beec-5af8451c169d,2019-2020,7,7,C,active,0.7882537981858937,0.362362488103364,15.540639336435142,23.040053424453184,0.6404234265962732
bde6b5ba-c610-4d66-beec-5af8451c169d,2020-2021,8,7,C,active,-0.3392616698549098,-0.5008405534721314,10.83205120618128,22.099904802075812,0.5683196588397249
bde6b5ba-c610-4d66-beec-5af8451c169d,2021-2022,9,7,C,active,-0.13812127521587433,0.06705979290296993,14.79541089445516,27.001075373009563,0.2784686910829859
bde6b5ba-c610-4d66-beec-5af8451c169d,2022-2023,10,7,C,active,0.4081056417994016,-0.42791776129187165,13.164381666807055,21.688360134825956,0.5579265514478643
bde6b5ba-c610-4d66-beec-5af8451c169d,2023-2024,11,7,C,active,0.24175503870414752,-0.3337985682589797,12.341518967224156,27.225039425882812,0.16033408387181933
bde6b5ba-c610-4d66-beec-5af8451c169d,2024-2025,12,7,C,active,0.4339516093898373,-0.7146527489696646,11.870647863606871,26.759457104443648,0.5746751776397301
218e2ec0-6996-4855-aaf6-7159b0a61c4f,2019-2020,7,7,C,active,-0.7042190891290274,-0.6306692753792489,8.384807287729496,20.296412219330765,0.6345011848308437
218e2ec0-6996-4855-aaf6-7159b0a61c4f,2020-2021,8,7,C,active,-0.012797226952999464,-0.5765514697507172,11.473845162238224,20.79021722015441,0.47187504170559996
218e2ec0-6996-4855-aaf6-7159b0a61c4f,2021-2022,9,7,C,active,0.0956377745855555,-0.7378889891504432,13.386399124165953,20.61189685637632,0.4827831459645583
218e2ec0-6996-4855-aaf6-7159b0a61c4f,2022-2023,10,7,C,active,-0.8204987223191541,1.1274866078916803,11.870647863606871,25.211454450301297,0.3791076918077524
218e2ec0-6996-4855-aaf6-7159b0a61c4f,2023-2024,11,7,C,active,-0.6025946990258468,0.8949003708541134,12.940223827760883,23.938020431880695,0.3439152378903654
218e2ec0-6996-4855-aaf6-7159b0a61c4f,2024-2025,12,7,C,active,-0.05971238327115786,1.013396264642715,13.604793947486902,22.642980809785804,0.5982066523512425
1f951402-9337-422f-8372-51d3d26e771c,2019-2020,7,7,C,active,-0.7268629840371085,-0.23455198856628767,15.20991224495806,24.03909898560615,0.2613206878945875
1f951402-9337-422f-8372-51d3d26e771c,2020-2021,8,7,C,active,-0.06984457951736463,-0.37264814290788717,6.013928951234735,21.915385038869225,0.4756681442232928
1f951402-9337-422f-8372-51d3d26e771c,2021-2022,9,7,C,active,-0.16822052030261944,-0.12723892635540457,11.981992786974065,21.29908712214712,0.7146318807836096
1f951402-9337-422f-8372-51d3d26e771c,2022-2023,10,7,C,active,-0.7574217763532506,0.26987332576201783,13.310371591463328,17.99024542073041,0.45200321275717714
1f951402-9337-422f-8372-51d3d26e771c,2023-2024,11,7,C,active,0.40873083477183547,-0.30722045451473656,12.204288974197636,19.46618237231739,0.5666972290061514
1f951402-9337-422f-8372-51d3d26e771c,2024-2025,12,7,C,active,-0.2554093981395662,-0.9950387552932218,11.705795189804109,24.212591316732762,0.4905371822629897
c5596d5d-481c-4136-b1a9-f223276a2c89,2020-2021,7,7,A,active,0.0020483453876467194,-0.3800278804653754,14.496125407220452,23.10135389555139,0.40138777105429513
c5596d5d-481c-4136-b1a9-f223276a2c89,2021-2022,8,7,A,active,-0.01544011954972295,-0.6768080527786569,13.511628420146204,28.24294018974351,0.3642750722818583
c5596d5d-481c-4136-b1a9-f223276a2c89,2022-2023,9,7,A,active,-0.46323401154506094,-0.6078297457648656,13.604793947486902,19.65653526806279,0.38787515702427955
c5596d5d-481c-4136-b1a9-f223276a2c89,2023-2024,10,7,A,active,-0.309968510636742,0.5219404948480366,11.303206763167001,30.04675437682571,0.424778546482241
c5596d5d-481c-4136-b1a9-f223276a2c89,2024-2025,11,7,A,active,-0.14675936669403225,0.08980210803510191,11.393584386934002,21.54338649394164,0.48559048094218277
e9eb56c0-a870-45e0-b00d-075bc00ca12d,2020-2021,7,7,A,active,0.42970241963441647,1.1268908007626752,8.918887750412235,21.039661705101352,0.4237881595663575
e9eb56c0-a870-45e0-b00d-075bc00ca12d,2021-2022,8,7,A,active,-0.5179657680292865,0.2334636061477271,10.855945465818033,21.772643266381156,0.47386744910963896
e9eb56c0-a870-45e0-b00d-075bc00ca12d,2022-2023,9,7,A,active,0.33313214799518487,-0.38381178807392535,11.534844237307558,19.731659830318517,0.7379151917095232
e9eb56c0-a870-45e0-b00d-075bc00ca12d,2023-2024,10,7,A,active,0.0015792469871324876,-0.1952229285132927,11.780264380729834,23.213782797501604,0.4976170587485334
e9eb56c0-a870-45e0-b00d-075bc00ca12d,2024-2025,11,7,A,active,-0.8748706407089376,0.787187147936101,6.265385920176419,21.654008288847077,0.5157458766201595
8168e244-75f9-4888-b4c7-cc8d33ece73b,2020-2021,7,7,A,active,-0.5552209057516104,1.3508470816594498,9.597570542792933,24.45120902879401,0.5844064766170565
8168e244-75f9-4888-b4c7-cc8d33ece73b,2021-2022,8,7,A,active,0.7208685166831361,0.38898610134941425,13.033332125316186,19.277228231576437,0.4222342534355548
8168e244-75f9-4888-b4c7-cc8d33ece73b,2022-2023,9,7,A,active,-0.4715496550526163,0.16997262091750232,13.678395941029347,28.844545477281137,0.4433976914967657
8168e244-75f9-4888-b4c7-cc8d33ece73b,2023-2024,10,7,A,active,-0.9865481139994768,1.8023537210520697,6.725783771534027,24.035511349799894,0.6123743020889718
8168e244-75f9-4888-b4c7-cc8d33ece73b,2024-2025,11,7,A,active,0.46081706598688277,-0.3035014970007168,11.007052088616257,20.443695061354425,0.37397866189144985
e49d3ecd-7aa8-4085-a9f6-147b9b5ad942,2020-2021,7,7,A,active,-0.11441367637105657,-1.0331553925226693,12.923526757802964,20.65512123596227,0.6624080951462906
e49d3ecd-7aa8-4085-a9f6-147b9b5ad942,2021-2022,8,7,A,active,0.13305245792865142,-0.31167327455021177,14.230794762350806,24.890752716415477,0.5674891135451076
e49d3ecd-7aa8-4085-a9f6-147b9b5ad942,2022-2023,9,7,A,active,0.4488234214734727,-0.6429209403368539,10.41124690314626,22.473169025752643,0.5570537279827912
e49d3ecd-7aa8-4085-a9f6-147b9b5ad942,2023-2024,10,7,A,active,0.050061088486538,-0.2014404572192552,12.033242305291944,22.832493428320674,0.5019438483980353
e49d3ecd-7aa8-4085-a9f6-147b9b5ad942,2024-2025,11,7,A,active,-0.36779953410996497,-0.40189856391433043,13.249398428021305,24.461120277844035,0.6305484478432682
cb2d6585-32e9-40a1-9afd-1cfb826e762b,2020-2021,7,7,A,active,-0.11829996058278544,-0.49478897293710755,10.70875636514293,27.340289042043675,0.41806881593866063
cb2d6585-32e9-40a1-9afd-1cfb826e762b,2021-2022,8,7,A,active,-0.4741560506142017,0.06198273721655756,13.53717329167153,23.352774803327236,0.5193673033806716
cb2d6585-32e9-40a1-9afd-1cfb826e762b,2022-2023,9,7,A,active,-0.26518059993492116,-0.3971800758477597,13.335492402788555,24.432938569521323,0.4374738145162321
cb2d6585-32e9-40a1-9afd-1cfb826e762b,2023-2024,10,7,A,active,-0.38120877817481075,-0.7204583596678948,12.030550405111669,20.34888355379403,0.6862761259857091
cb2d6585-32e9-40a1-9afd-1cfb826e762b,2024-2025,11,7,A,active,0.20856733318223708,-1.1256976453737555,14.766925146170566,25.394956970848966,0.3959184449138249
11d84b53-d126-4c19-af8c-f275845294ac,2020-2021,7,7,A,active,-0.7460772045146081,0.9260808913579783,9.215371773459657,22.54139438340051,0.6722464623221006
11d84b53-d126-4c19-af8c-f275845294ac,2021-2022,8,7,A,active,0.5478950382247457,1.2006140027519416,12.459055749752409,24.53214313319391,0.45920413576082997
11d84b53-d126-4c19-af8c-f275845294ac,2022-2023,9,7,A,active,-0.048324261344624045,-0.6108489907167431,11.990099379525768,23.35810644300352,0.5556142803214633
11d84b53-d126-4c19-af8c-f275845294ac,2023-2024,10,7,A,active,0.17804447883103228,-0.46772256950305957,11.605759657169065,24.14250242445112,0.5158829893573563
11d84b53-d126-4c19-af8c-f275845294ac,2024-2025,11,7,A,active,-0.7341496939699138,0.4087623665666733,12.843078656059147,25.31174493122702,0.5291004393683522
c2e4fd4c-84d9-49b5-bca0-721e1b82df43,2020-2021,7,7,A,active,-0.12823014667834898,0.5138590136863028,12.726543610922086,20.140627409649706,0.6506471909718007
c2e4fd4c-84d9-49b5-bca0-721e1b82df43,2021-2022,8,7,A,active,0.5579458941423254,-0.3096463499964228,12.400861926423449,26.643786909837235,0.5528496662065653
c2e4fd4c-84d9-49b5-bca0-721e1b82df43,2022-2023,9,7,A,active,0.5079299362577998,-0.7419164024608902,14.115773472564117,20.657338512158624,0.4851389677558244
c2e4fd4c-84d9-49b5-bca0-721e1b82df43,2023-2024,10,7,A,active,-0.19299645476415977,-0.23331085432186516,13.763375288250923,20.43503977450362,0.561468469423518
c2e4fd4c-84d9-49b5-bca0-721e1b82df43,2024-2025,11,7,A,active,0.34695356042984293,0.4358423048962927,15.311079315240018,19.866413213256845,0.4016089647492454
5a07c963-910b-44e6-ba98-56d40d5e1128,2020-2021,7,7,A,active,-0.02312898167586019,-0.3716175450768233,11.35751963950199,20.790301322826004,0.6111534223643259
5a07c963-910b-44e6-ba98-56d40d5e1128,2021-2022,8,7,A,active,0.271056415747123,-0.771357297777294,13.193872540106957,26.75571358077707,0.5742529674715028
5a07c963-910b-44e6-ba98-56d40d5e1128,2022-2023,9,7,A,active,0.39332128939626626,0.021616470352475936,9.612183002745665,19.20191205145476,0.4241755376912059
5a07c963-910b-44e6-ba98-56d40d5e1128,2023-2024,10,7,A,active,0.5882199930289781,-0.382905915623891,13.035816952409776,21.844333813908797,0.3372689390477656
5a07c963-910b-44e6-ba98-56d40d5e1128,2024-2025,11,7,A,active,0.16435019407700574,-0.4395835349717787,11.773847365299778,26.767041840372205,0.5521076330556133
0a9cf851-a297-46c0-ada7-f0ad726269ab,2020-2021,7,7,A,active,-0.909035670050066,1.0953736790748296,12.626899718110861,23.093188002459502,0.4290255518619475
0a9cf851-a297-46c0-ada7-f0ad726269ab,2021-2022,8,7,A,active,-0.2316134576864524,-1.056035576361197,13.198781279362837,20.783872311513793,0.6085848056615781
0a9cf851-a297-46c0-ada7-f0ad726269ab,2022-2023,9,7,A,active,0.2257166180726786,-0.6423133915426584,11.813211113626757,23.408123013989147,0.47213553022111504
0a9cf851-a297-46c0-ada7-f0ad726269ab,2023-2024,10,7,A,active,0.0868841722379956,-0.6130092301866723,11.541394139247775,20.9097701328295,0.29806024576519435
0a9cf851-a297-46c0-ada7-f0ad726269ab,2024-2025,11,7,A,active,-0.22060135139055045,-0.8052930640682621,9.382557682421547,20.40441106201205,0.5076721741775829
28737aba-6f4e-41ae-9c82-bc3f4afecb8c,2020-2021,7,7,A,active,-0.3937443779427302,0.5847284287154406,10.428860609061706,22.875616901830526,0.6605527340454261
28737aba-6f4e-41ae-9c82-bc3f4afecb8c,2021-2022,8,7,A,active,0.16889638059784204,0.14031987112821565,15.204942729284106,21.658283203392006,0.5496381310039334
28737aba-6f4e-41ae-9c82-bc3f4afecb8c,2022-2023,9,7,A,active,0.39935889917552214,-0.5277284204619832,11.138679250189247,22.65206188100016,0.3789165171645868
28737aba-6f4e-41ae-9c82-bc3f4afecb8c,2023-2024,10,7,A,active,-0.0941468490325162,-0.6476776008985095,12.238740728885466,21.031169338461158,0.39604055078750783
28737aba-6f4e-41ae-9c82-bc3f4afecb8c,2024-2025,11,7,A,active,0.34291896635596547,-0.22978439800883121,12.9360515807307,20.44865567661535,0.4884639834818691
240a2549-b0fd-4dc5-9a91-0e51fea45fd5,2020-2021,7,7,A,active,0.13460451267393855,-1.1612317413824014,11.941377275175181,16.764187514976314,0.4631438387612418
240a2549-b0fd-4dc5-9a91-0e51fea45fd5,2021-2022,8,7,A,active,0.5631807370459532,-0.3604293914068175,8.145770451486657,26.09171970549891,0.3059776384871517
240a2549-b0fd-4dc5-9a91-0e51fea45fd5,2022-2023,9,7,A,active,0.2899364383609108,-0.24396521595255427,14.57189352732375,21.15924773135968,0.4351785631340319
240a2549-b0fd-4dc5-9a91-0e51fea45fd5,2023-2024,10,7,A,active,1.114429699909079,1.6900733668712569,10.257678733975181,28.451628146271172,0.44197898144809367
240a2549-b0fd-4dc5-9a91-0e51fea45fd5,2024-2025,11,7,A,active,-0.6163737187377626,-0.48689612044394437,11.919659080887689,25.619659511463798,0.5331841736038068
3fc3be86-8a0b-448a-9ebc-6ddec14243b6,2020-2021,7,7,A,active,-0.5866496349034642,-0.34030203116064595,9.778104930526602,19.49910002374468,0.5193381921925962
3fc3be86-8a0b-448a-9ebc-6ddec14243b6,2021-2022,8,7,A,active,-0.3438777271350477,-0.904843836659631,10.81110040827421,24.308298581338473,0.6433149568862161
3fc3be86-8a0b-448a-9ebc-6ddec14243b6,2022-2023,9,7,A,active,0.3840973076037094,-1.3943125964329999,11.108591707169687,21.36282844133438,0.4972467219417093
3fc3be86-8a0b-448a-9ebc-6ddec14243b6,2023-2024,10,7,A,active,-0.3358663944757906,-0.6418647402460711,11.454068338868552,23.603173095729275,0.5250762943152356
3fc3be86-8a0b-448a-9ebc-6ddec14243b6,2024-2025,11,7,A,active,-0.31433827667901676,0.17748120201255002,12.391281598330446,27.41717360528049,0.6748438202955086
0aee584f-05e4-4aaa-b10a-1499d7172b26,2020-2021,7,7,A,active,0.4232821249565914,-0.6574143147695182,10.637950549933665,21.57345231505535,0.42047152110233865
0aee584f-05e4-4aaa-b10a-1499d7172b26,2021-2022,8,7,A,active,-1.1802904885791616,1.241434634171421,9.066555528413067,21.225578578328424,0.26949155293102195
0aee584f-05e4-4aaa-b10a-1499d7172b26,2022-2023,9,7,A,active,0.1377160193185913,-0.12435502039697388,16.0572524930273,21.611104096734074,0.6770951148094784
0aee584f-05e4-4aaa-b10a-1499d7172b26,2023-2024,10,7,A,active,0.6753911561191821,-0.16918248816386594,11.851533209091889,19.111621364909244,0.5365227130534275
0aee584f-05e4-4aaa-b10a-1499d7172b26,2024-2025,11,7,A,active,-0.29338349720248635,-0.6157964406122964,10.521618385082,22.805626349774798,0.7303265091742596
9b1392fa-5d53-4363-b08c-f5c7e319a210,2020-2021,7,7,A,active,0.25275364286960805,-0.6039455825409403,11.44180841288146,26.08117015455234,0.5314087717850835
9b1392fa-5d53-4363-b08c-f5c7e319a210,2021-2022,8,7,A,active,-0.09147446409979094,-0.7414305562241017,13.000986155889901,26.107583814057982,0.4232316731533502
9b1392fa-5d53-4363-b08c-f5c7e319a210,2022-2023,9,7,A,active,-0.26847031678255584,0.6164293680370472,9.899903896805862,24.83436584450671,0.5025600304244576
9b1392fa-5d53-4363-b08c-f5c7e319a210,2023-2024,10,7,A,active,0.26562845036932514,-0.48664888496514225,12.393024027024758,23.51628617356666,0.5833765269389835
9b1392fa-5d53-4363-b08c-f5c7e319a210,2024-2025,11,7,A,active,-0.2408784541105675,-0.1156302542535359,10.81110040827421,21.57988032893861,0.4542410311781778
9b556d94-3464-43ba-a589-c08f9b2a8a07,2020-2021,7,7,A,active,-0.015676952525711507,-0.7983665026084683,14.949307053389406,23.005501872918092,0.6468295683531654
9b556d94-3464-43ba-a589-c08f9b2a8a07,2021-2022,8,7,A,active,-0.06309791699700631,-0.8852652231842368,13.991321775309254,22.501889689189987,0.5734761496684406
9b556d94-3464-43ba-a589-c08f9b2a8a07,2022-2023,9,7,A,active,-0.2314937742616765,-0.5588096158386358,11.481370229557886,21.605500256905597,0.563514002293555
9b556d94-3464-43ba-a589-c08f9b2a8a07,2023-2024,10,7,A,active,0.08066057842077749,-0.08971229785340373,11.34610695568892,25.19353583498836,0.5072540617547464
9b556d94-3464-43ba-a589-c08f9b2a8a07,2024-2025,11,7,A,active,1.4314665748348414,3.044177856713109,14.514732615104872,24.605744143132696,0.4208559405900238
7ba1e53b-36e7-4b36-95b3-350c77c96895,2020-2021,7,7,B,active,-0.771214782037989,1.1352584421155854,11.663292359534145,21.805400364152394,0.47911094972790835
7ba1e53b-36e7-4b36-95b3-350c77c96895,2021-2022,8,7,B,active,0.626556424776049,0.27257021230148304,12.398249843840192,23.936271098254693,0.35443016495133134
7ba1e53b-36e7-4b36-95b3-350c77c96895,2022-2023,9,7,B,active,-0.44181612506855533,-0.4000733842715518,12.088740704550757,24.019103881941042,0.38014754718680327
7ba1e53b-36e7-4b36-95b3-350c77c96895,2023-2024,10,7,B,active,-0.007870070424336633,0.22886489140265986,11.569423147106994,20.161957837838905,0.43710447421988635
7ba1e53b-36e7-4b36-95b3-350c77c96895,2024-2025,11,7,B,active,-0.04809965014997352,-0.3926000824504503,14.227759830611802,17.846120362084026,0.5701700087117337
6d1290ec-b42b-4e0c-b3cd-ef155f7bdf63,2020-2021,7,7,B,active,-0.09315597454595678,-0.4548112122661121,11.073548743802798,22.320194262527895,0.3993064773268828
6d1290ec-b42b-4e0c-b3cd-ef155f7bdf63,2021-2022,8,7,B,active,0.239072521438925,-0.6973740797247969,13.100257025839223,24.00354506953131,0.413377979281913
6d1290ec-b42b-4e0c-b3cd-ef155f7bdf63,2022-2023,9,7,B,active,-0.21305896682791728,0.6424457069426972,12.72145265387689,24.63179836438691,0.5172464897960108
6d1290ec-b42b-4e0c-b3cd-ef155f7bdf63,2023-2024,10,7,B,active,-1.023141529800735,1.5573015198440423,9.045096195297553,21.989249744473653,0.5108567377311047
6d1290ec-b42b-4e0c-b3cd-ef155f7bdf63,2024-2025,11,7,B,active,-0.589759462635071,-0.3294411651312332,11.257266359287257,20.2532639845599,0.41592090768545303
3d90b1ac-c884-478f-968a-102a4581ee7f,2020-2021,7,7,B,active,0.38304571941619997,0.008706351563494863,15.982446511445863,22.517547587982353,0.7142238272780403
3d90b1ac-c884-478f-968a-102a4581ee7f,2021-2022,8,7,B,active,-0.21669358460972937,-0.19065652008958223,12.565187647655035,25.905129118366997,0.6216932614840432
3d90b1ac-c884-478f-968a-102a4581ee7f,2022-2023,9,7,B,active,-0.44800897067994955,0.022191867850303915,10.64403807578235,22.735944387897273,0.38525918202011816
3d90b1ac-c884-478f-968a-102a4581ee7f,2023-2024,10,7,B,active,-0.3226604815873742,1.1488391897904364,9.465043292791266,24.367669578815345,0.629218072576687
3d90b1ac-c884-478f-968a-102a4581ee7f,2024-2025,11,7,B,active,-0.26539207068147846,-0.34003454932722565,10.325864698967177,22.261191165236383,0.5137956673238465
94439584-285f-4259-ad4f-f527569ac95c,2020-2021,7,7,B,active,0.6498080088587773,0.6883371994166296,8.788410967941276,25.769422442930573,0.4768728107943287
94439584-285f-4259-ad4f-f527569ac95c,2021-2022,8,7,B,active,-0.19385416543137615,-0.41540966427815995,16.794703875704524,25.11998789835802,0.7062474828610127
94439584-285f-4259-ad4f-f527569ac95c,2022-2023,9,7,B,active,-0.07406086568195655,-0.708866232167316,12.733328387419462,21.06920232030974,0.5582894190337777
94439584-285f-4259-ad4f-f527569ac95c,2023-2024,10,7,B,active,-0.3730234096586467,2.0622942434871554,10.550310035034878,22.862783531683167,0.6684010047274349
94439584-285f-4259-ad4f-f527569ac95c,2024-2025,11,7,B,active,-0.49438083595745164,0.7975359213447919,11.30893619164838,22.8785911524779,0.3987144331331124
ad5b80c0-d901-4152-a03e-a6ae2c613214,2020-2021,7,7,B,active,-1.166720069734051,1.4905070412398231,10.992329554823007,19.84817195853276,0.7309651814582778
ad5b80c0-d901-4152-a03e-a6ae2c613214,2021-2022,8,7,B,active,0.37556864416236113,0.951634497275478,13.661020524886734,22.114500403933235,0.47857297205896526
ad5b80c0-d901-4152-a03e-a6ae2c613214,2022-2023,9,7,B,active,0.049073123532091596,-0.47917750498143885,11.818693306410195,22.19564873745931,0.39135149368827815
ad5b80c0-d901-4152-a03e-a6ae2c613214,2023-2024,10,7,B,active,-0.2436670065560265,-0.6611970380388792,15.488448527427613,19.266563659884014,0.20108726407905256
ad5b80c0-d901-4152-a03e-a6ae2c613214,2024-2025,11,7,B,active,-0.0029324902199938884,-0.6774931441856236,10.10177627650805,25.21939555984196,0.4614672942201461
ce6b106f-5a3a-44cd-98e6-8023f80adf0d,2020-2021,7,7,B,active,0.44507254764012943,0.02894088306606779,15.490539535946121,23.396948352863888,0.42755205236030314
ce6b106f-5a3a-44cd-98e6-8023f80adf0d,2021-2022,8,7,B,active,-0.84599456253426,1.1405989460893968,11.69379918038851,25.581243442514957,0.5039109336292789
ce6b106f-5a3a-44cd-98e6-8023f80adf0d,2022-2023,9,7,B,active,-0.793777149614911,1.786518277757069,10.320635618417652,24.163792120095952,0.40524039036931103
ce6b106f-5a3a-44cd-98e6-8023f80adf0d,2023-2024,10,7,B,active,-0.0393914175749702,-0.8240340832298507,7.989196483929999,30.250462608787238,0.5619980312873067
ce6b106f-5a3a-44cd-98e6-8023f80adf0d,2024-2025,11,7,B,active,-0.2300946142014019,-0.5991187861526122,12.614067934316505,26.582167819585628,0.47471065776746013
a5d8dfca-e876-45da-a21c-a211fc07c25a,2020-2021,7,7,B,active,-0.04779055855181521,0.21488669183603903,13.1027291611704,22.877201351301974,0.3942073344907353
a5d8dfca-e876-45da-a21c-a211fc07c25a,2021-2022,8,7,B,active,-0.4054561844910455,-0.032430857449978756,12.69341589240437,26.377073280878335,0.6113163998734523
a5d8dfca-e876-45da-a21c-a211fc07c25a,2022-2023,9,7,B,active,0.15029100227649356,0.052905197430884066,11.911504548997272,22.702906871083943,0.26917598866929165
a5d8dfca-e876-45da-a21c-a211fc07c25a,2023-2024,10,7,B,active,-0.481387376230471,-0.03937179830314319,14.700243739200479,20.397798717481855,0.7284407742087774
a5d8dfca-e876-45da-a21c-a211fc07c25a,2024-2025,11,7,B,active,-0.5276861308885717,0.14312275305207667,12.406954647161974,27.314197516523695,0.6438801453264285
523a5455-72b2-4150-982f-0036ba53d2d6,2020-2021,7,7,B,active,-0.29998099378720594,-0.5025203984501294,8.045753106448926,21.269499184291234,0.28457495680394324
523a5455-72b2-4150-982f-0036ba53d2d6,2021-2022,8,7,B,active,0.05960846711318891,-0.5361772694481441,9.41128045114449,22.518429751317413,0.7224125183322148
523a5455-72b2-4150-982f-0036ba53d2d6,2022-2023,9,7,B,active,-0.4639618741799186,-0.026682793717501596,13.380752385906986,19.747120290351777,0.6129900035622915
523a5455-72b2-4150-982f-0036ba53d2d6,2023-2024,10,7,B,active,0.14407383226898748,0.2459222422828402,12.31787702759435,21.561105867225137,0.6248892808638505
523a5455-72b2-4150-982f-0036ba53d2d6,2024-2025,11,7,B,active,-0.21322024925356975,-0.4604647108812645,13.0854144059498,25.228998671097283,0.5690671612168591
991ec396-17d1-41ee-bbbe-68b078fb1bd2,2020-2021,7,7,B,active,-0.39511334997976233,-0.004270474177880956,13.486835686776393,22.34153791539177,0.5011036567810099
991ec396-17d1-41ee-bbbe-68b078fb1bd2,2021-2022,8,7,B,active,0.11891971416013303,-0.604766295576618,12.046692783396772,24.81709588364438,0.42389179667615773
991ec396-17d1-41ee-bbbe-68b078fb1bd2,2022-2023,9,7,B,active,-0.0128525314610908,0.4042114504110086,12.409564897476033,19.28835560489607,0.41620098501220454
991ec396-17d1-41ee-bbbe-68b078fb1bd2,2023-2024,10,7,B,active,-0.40451980371985885,-1.2161713656241695,12.236094037761589,22.577622475545127,0.562834015650827
991ec396-17d1-41ee-bbbe-68b078fb1bd2,2024-2025,11,7,B,active,-0.02814571436219216,-0.49736190647826284,12.304722988643851,25.482256679202166,0.5259817961003503
94985318-6f65-4be9-bfba-7f24c06390e1,2020-2021,7,7,B,active,0.6075608675914177,-0.259411504408817,11.118306262333757,24.400578280995703,0.6080025157271259
94985318-6f65-4be9-bfba-7f24c06390e1,2021-2022,8,7,B,active,0.1601751622074382,-0.5606549143850463,12.041314395101285,24.027023281819876,0.5475968644143389
94985318-6f65-4be9-bfba-7f24c06390e1,2022-2023,9,7,B,active,0.2619911908409201,-0.19006553369849222,14.406476276468632,21.409701422821005,0.7453599300995832
94985318-6f65-4be9-bfba-7f24c06390e1,2023-2024,10,7,B,active,-1.0464870666635167,2.157307060194161,9.891175745321249,20.6431229889463,0.35346808523633666
94985318-6f65-4be9-bfba-7f24c06390e1,2024-2025,11,7,B,active,-0.16006732489766506,-0.8596138284602923,13.585735156041222,23.675008887385793,0.4962728967131512
fbd355cf-e932-49d8-8f72-11538aa82a4c,2020-2021,7,7,B,active,0.3985693189570021,-0.6828060263982456,15.049356494687192,24.07950952806019,0.45898332138045567
fbd355cf-e932-49d8-8f72-11538aa82a4c,2021-2022,8,7,B,active,0.9745782148903069,1.3812860157832718,11.504854341290246,23.802213119312697,0.40761275059228047
fbd355cf-e932-49d8-8f72-11538aa82a4c,2022-2023,9,7,B,active,0.1695686474576776,0.27915793311300874,11.018815952417588,22.163121873476456,0.41135837953044485
fbd355cf-e932-49d8-8f72-11538aa82a4c,2023-2024,10,7,B,active,-0.3175316536049057,-0.5840026751873988,11.541394139247773,20.205065437395803,0.21346462037304254
fbd355cf-e932-49d8-8f72-11538aa82a4c,2024-2025,11,7,B,active,-0.09551247447826305,-0.5943383441129977,7.080794575601129,26.703329789424945,0.5410242951211713
56d5dd14-c8ad-41d3-8e61-2a2190c0eff2,2020-2021,7,7,B,active,-0.7778743593277195,1.2105466396083928,14.461079040567613,26.532826198085832,0.4841052345301634
56d5dd14-c8ad-41d3-8e61-2a2190c0eff2,2021-2022,8,7,B,active,0.5358051531367627,1.348119413369158,10.690593946099435,26.178791364445008,0.6059597922798698
56d5dd14-c8ad-41d3-8e61-2a2190c0eff2,2022-2023,9,7,B,active,-0.7611473122582175,0.6419749944024584,12.307354921151648,22.2787705592701,0.6093994143843628
56d5dd14-c8ad-41d3-8e61-2a2190c0eff2,2023-2024,10,7,B,active,-0.6289558959802666,0.05159485705809974,10.397757466102323,25.893889617002618,0.6371767862081156
56d5dd14-c8ad-41d3-8e61-2a2190c0eff2,2024-2025,11,7,B,active,-0.00583082961343421,-0.6200629607566723,12.248440370021635,24.17087706871078,0.461217463687794
4e4a7c1c-d98c-4566-a7b1-109714c9755e,2020-2021,7,7,B,active,0.22683605147368505,0.21898314790840523,12.67298656174077,21.905389553716205,0.43186873634778894
4e4a7c1c-d98c-4566-a7b1-109714c9755e,2021-2022,8,7,B,active,-0.8030965474427689,2.0527309124129847,6.797633945753394,21.36372446560055,0.6236187977943404
4e4a7c1c-d98c-4566-a7b1-109714c9755e,2022-2023,9,7,B,active,-0.24986875139981907,-0.4745203676458343,11.655884742172386,20.9597295328145,0.7007199004102154
4e4a7c1c-d98c-4566-a7b1-109714c9755e,2023-2024,10,7,B,active,-0.21875044412361375,-0.06517790782951938,13.466006584482768,23.54356496314551,0.5486416695702896
4e4a7c1c-d98c-4566-a7b1-109714c9755e,2024-2025,11,7,B,active,-0.36388057708751503,0.4321740948959891,11.929618161269213,26.279162046695404,0.43699041518914705
49fc80cc-3234-4c1f-a200-300cc8db2a43,2020-2021,7,7,B,active,-0.11806996314999114,0.2563636655943866,11.889731788282736,25.021940364799004,0.5493908134987828
49fc80cc-3234-4c1f-a200-300cc8db2a43,2021-2022,8,7,B,active,0.04877266391591466,-0.4238203147042223,14.357682610105424,20.934628453648813,0.5510991194287767
49fc80cc-3234-4c1f-a200-300cc8db2a43,2022-2023,9,7,B,active,-0.34587772526096083,-0.32297809341704387,14.4789856564963,27.05273615602125,0.5320387900462675
49fc80cc-3234-4c1f-a200-300cc8db2a43,2023-2024,10,7,B,active,0.06311300602500185,-1.0768335983761599,11.365121728465295,19.485158858408596,0.4886617208146738
49fc80cc-3234-4c1f-a200-300cc8db2a43,2024-2025,11,7,B,active,0.38004407020567577,-0.03468717419967682,12.528186843555794,21.842211675297943,0.5829477065000871
9a3cec5e-3ffe-4a65-8561-00949c366800,2020-2021,7,7,B,active,-0.2713791447879738,0.9692236348377374,12.843078656059145,24.607597079696582,0.45624468762122844
9a3cec5e-3ffe-4a65-8561-00949c366800,2021-2022,8,7,B,active,-0.7123201714466807,0.3920342018785701,12.497989042020597,22.983055664875657,0.5161108073834522
9a3cec5e-3ffe-4a65-8561-00949c366800,2022-2023,9,7,B,active,0.3708069395688778,-0.7205108377417688,13.027532352302314,22.274156084305687,0.5699617650204163
9a3cec5e-3ffe-4a65-8561-00949c366800,2023-2024,10,7,B,active,-0.7584105212547795,0.8726021455260868,7.611341775057415,21.963410545798464,0.4324996388539999
9a3cec5e-3ffe-4a65-8561-00949c366800,2024-2025,11,7,B,active,-0.18460071280243837,-0.31330147610142234,9.835351699351303,22.500371936892567,0.5415800757580312
efa07c9b-2a3f-4671-804b-2f772c849ab4,2020-2021,7,7,C,active,-0.31571248030553956,-0.5753922639592117,13.534780508039637,22.069925331477272,0.5751428049752192
efa07c9b-2a3f-4671-804b-2f772c849ab4,2021-2022,8,7,C,active,0.2967056683519812,0.3285514620237433,11.780264380729834,21.1331781065118,0.6149604894839462
efa07c9b-2a3f-4671-804b-2f772c849ab4,2022-2023,9,7,C,active,0.192195531268007,-0.3547866567657576,15.71816556551493,23.398543464560422,0.5971208649872962
efa07c9b-2a3f-4671-804b-2f772c849ab4,2023-2024,10,7,C,active,-1.286425136857806,3.0944689899673765,12.338894322037874,22.409442739557864,0.45363544605192063
efa07c9b-2a3f-4671-804b-2f772c849ab4,2024-2025,11,7,C,active,-0.20882874477023455,-0.9908610712414134,16.476704202495053,19.42639974777745,0.5106001540365488
29e520fb-cc47-4916-8890-19befc5337be,2020-2021,7,7,C,active,-0.046484878138484634,-0.3479844672113206,13.240432086429719,22.292998402723644,0.636080193689179
29e520fb-cc47-4916-8890-19befc5337be,2021-2022,8,7,C,active,-0.6280763434405517,-0.1794938952633478,13.240432086429719,22.60778791072251,0.49648873594842147
29e520fb-cc47-4916-8890-19befc5337be,2022-2023,9,7,C,active,0.2439082927144206,-0.6634098826324903,6.709712580653493,27.969365274632278,0.5611371453935519
29e520fb-cc47-4916-8890-19befc5337be,2023-2024,10,7,C,active,0.14088322169644815,-0.9230039411381781,11.308936191648385,26.21101927114917,0.4427101280875174
29e520fb-cc47-4916-8890-19befc5337be,2024-2025,11,7,C,active,-0.26653443090272566,-0.2719953712582228,13.094486895046112,24.80508381784547,0.6539943849434872
d5ba05f6-6b12-43f3-97f6-3aabb2c83765,2020-2021,7,7,C,active,-0.11447580169924518,-0.9251644803165622,11.986497126363643,29.001315958812203,0.4396782663322305
d5ba05f6-6b12-43f3-97f6-3aabb2c83765,2021-2022,8,7,C,active,0.2251495771480758,-0.37582687026570794,13.756313726483212,25.506789974253824,0.494551694455204
d5ba05f6-6b12-43f3-97f6-3aabb2c83765,2022-2023,9,7,C,active,-0.3060516237027637,-0.06309559850299529,8.96717661308488,24.043691870903572,0.6264116731820276
d5ba05f6-6b12-43f3-97f6-3aabb2c83765,2023-2024,10,7,C,active,-0.6662612707541259,-0.24784738186936028,10.279757502246502,24.715361229079367,0.6037797111078015
d5ba05f6-6b12-43f3-97f6-3aabb2c83765,2024-2025,11,7,C,active,0.26507268013049967,-0.6466272249248299,13.931779029850144,23.624703825745076,0.551650106856542
93d199eb-9ff4-4889-91d8-a707ff7c3356,2020-2021,7,7,C,active,-0.06425497919670842,-0.4579367484241099,12.805194627442942,22.036587968635633,0.3549993774670043
93d199eb-9ff4-4889-91d8-a707ff7c3356,2021-2022,8,7,C,active,0.2207788574151259,-0.10883358037806712,13.070554931135376,24.14502557272038,0.39965247905997564
93d199eb-9ff4-4889-91d8-a707ff7c3356,2022-2023,9,7,C,active,0.5439862750984772,0.29411734218266705,10.799110274742352,22.941298093558014,0.20857677102963368
93d199eb-9ff4-4889-91d8-a707ff7c3356,2023-2024,10,7,C,active,1.2281696673667857,1.8539793684419994,12.295945811559584,22.71277093067332,0.6251543067151815
93d199eb-9ff4-4889-91d8-a707ff7c3356,2024-2025,11,7,C,active,0.2603591170273838,1.1088989137919878,12.720603962948703,21.144835550025977,0.5646769813042718
996d7e81-e984-490e-9d1f-6181f10e7738,2020-2021,7,7,C,active,0.7570079098613564,-0.14407846548090797,13.420229659084232,21.248737695958592,0.4288599395218227
996d7e81-e984-490e-9d1f-6181f10e7738,2021-2022,8,7,C,active,-0.11155441755951696,-0.19177870680819975,12.43824149757339,24.121327277241424,0.5657443113708178
996d7e81-e984-490e-9d1f-6181f10e7738,2022-2023,9,7,C,active,-0.7471188647023411,1.8446764568281377,8.232780664082336,28.435873706736654,0.6032351780272689
996d7e81-e984-490e-9d1f-6181f10e7738,2023-2024,10,7,C,active,0.1838046935631145,-0.31848626101447675,12.408694875047265,21.128030320415,0.5096881537593299
996d7e81-e984-490e-9d1f-6181f10e7738,2024-2025,11,7,C,active,0.3103810381473866,-0.9468436056719858,13.198781279362834,22.45845673595958,0.46245915369762586
34925bb9-e8fe-433e-b34b-5d8be686f146,2020-2021,7,7,C,active,0.3602664037802715,-0.35842778631147487,14.427444233075915,22.15041351811762,0.5394031326519827
34925bb9-e8fe-433e-b34b-5d8be686f146,2021-2022,8,7,C,active,-0.25859473336575106,-0.8600230950018464,9.917337155119473,23.985274571811686,0.541632650286022
34925bb9-e8fe-433e-b34b-5d8be686f146,2022-2023,9,7,C,active,-0.1330994453182225,-0.8892856639616782,9.558118268326096,24.042308462732905,0.5892662864974847
34925bb9-e8fe-433e-b34b-5d8be686f146,2023-2024,10,7,C,active,-1.6444457947362634,5.296184790961771,12.327514402183125,24.581373588063855,0.3712367088502563
34925bb9-e8fe-433e-b34b-5d8be686f146,2024-2025,11,7,C,active,0.2853652827926308,-0.3802904343060951,14.464811413591582,26.73596951551688,0.5348333901524642
84257923-b319-4277-9374-d74cfcdeb477,2020-2021,7,7,C,active,0.14780985419087833,-0.5474331318823902,11.274515947549675,23.377964878619412,0.5147101513671349
84257923-b319-4277-9374-d74cfcdeb477,2021-2022,8,7,C,active,-0.5954421123198176,0.21725349114600823,10.322727568498612,22.11017209937521,0.5067397826449526
84257923-b319-4277-9374-d74cfcdeb477,2022-2023,9,7,C,active,-0.815195206598756,0.5236972136443443,7.351590572156533,21.94724417991846,0.3886320209830067
84257923-b319-4277-9374-d74cfcdeb477,2023-2024,10,7,C,active,-0.296630742889113,0.059543409737139896,10.657215786174664,21.692177865014337,0.44209879804218954
84257923-b319-4277-9374-d74cfcdeb477,2024-2025,11,7,C,active,0.17495006280051015,-0.5250221404109694,14.1532007128548,23.92402204083656,0.576337050014893
521bce69-290f-4367-906c-4f6f56af0f02,2020-2021,7,7,C,active,-0.9400132220067874,0.905494843527733,12.810252304406973,24.46053384572475,0.5660978953648417
521bce69-290f-4367-906c-4f6f56af0f02,2021-2022,8,7,C,active,0.09308985951094445,-0.2913578181630929,10.95395836118969,23.53957138057283,0.31894934108379996
521bce69-290f-4367-906c-4f6f56af0f02,2022-2023,9,7,C,active,-0.5778851350343308,0.380751102543472,9.071317375132338,23.196910565900335,0.6036326541597992
521bce69-290f-4367-906c-4f6f56af0f02,2023-2024,10,7,C,active,-1.2288198224606266,1.9472426068539352,9.365281737582247,17.35143574377514,0.5286748486539505
521bce69-290f-4367-906c-4f6f56af0f02,2024-2025,11,7,C,active,-0.11747197000227468,-1.0074427404703163,11.714092923032782,23.222444854590535,0.4929206162287599
5bd66aaf-ad45-4f65-a309-d4cb01496d93,2020-2021,7,7,C,active,0.21303158044975118,0.008911759567351574,10.787106813891526,24.988606105999782,0.34982194699763663
5bd66aaf-ad45-4f65-a309-d4cb01496d93,2021-2022,8,7,C,active,-0.9109593349579134,0.8351840604195804,12.64484233934036,22.245631460395526,0.5409590331725523
5bd66aaf-ad45-4f65-a309-d4cb01496d93,2022-2023,9,7,C,active,-0.9241982291200296,1.2542608515507583,11.331824937328337,24.793021129917673,0.5481965395715815
5bd66aaf-ad45-4f65-a309-d4cb01496d93,2023-2024,10,7,C,active,-0.8465577070196046,0.35519056378508385,12.628609637506345,21.73540944363419,0.5408686129305202
5bd66aaf-ad45-4f65-a309-d4cb01496d93,2024-2025,11,7,C,active,0.27089291553407174,-0.3862335368979317,13.882872291061839,20.438048357641563,0.6312917827907901
6f92f258-6eb1-4bbb-82c1-63b20db970a7,2020-2021,7,7,C,active,0.20593076596664567,-0.8169153260545259,14.738384341896047,25.53560545822388,0.5439740216276193
6f92f258-6eb1-4bbb-82c1-63b20db970a7,2021-2022,8,7,C,active,0.012296704321012647,-0.568746985886468,6.6726019463282125,24.07684855653191,0.6358903421960153
6f92f258-6eb1-4bbb-82c1-63b20db970a7,2022-2023,9,7,C,active,-0.14329000116563978,-0.8993015107375077,9.984603532054123,21.97935516012378,0.39879170551702287
6f92f258-6eb1-4bbb-82c1-63b20db970a7,2023-2024,10,7,C,active,0.4773516222478152,-0.30855541089170835,10.397757466102323,23.778627780577178,0.49283599092156044
6f92f258-6eb1-4bbb-82c1-63b20db970a7,2024-2025,11,7,C,active,-0.44235638597369986,0.778996460589231,10.942124769300369,24.21784169315651,0.45435867703299554
cf47bf4f-e961-4332-87e6-71b3f045a214,2020-2021,7,7,C,active,0.37142685491908495,-0.6073822221920495,13.931779029850144,24.01113213375282,0.3631299748058653
cf47bf4f-e961-4332-87e6-71b3f045a214,2021-2022,8,7,C,active,0.1727588212482202,-0.400379610635178,10.748002984329093,29.89219358063851,0.38195963247696335
cf47bf4f-e961-4332-87e6-71b3f045a214,2022-2023,9,7,C,active,-0.5060322602599004,0.5457087659866033,13.025874799989184,27.9292516577305,0.5967299461656709
cf47bf4f-e961-4332-87e6-71b3f045a214,2023-2024,10,7,C,active,-0.5499526240417694,2.1927872794277796,14.111948785179163,20.14552764141505,0.544457455404935
cf47bf4f-e961-4332-87e6-71b3f045a214,2024-2025,11,7,C,active,-0.3053845537656999,-0.40233171808656243,12.598652542392802,21.572471040343256,0.5714886534746941
cd857b15-3bd1-48b9-bd9a-e29e02440100,2020-2021,7,7,C,active,-0.01118044550801321,0.028498470615681004,15.027819456755239,23.098136318162396,0.5717459752123083
cd857b15-3bd1-48b9-bd9a-e29e02440100,2021-2022,8,7,C,active,-0.6422454792405251,0.7934780393211547,14.416215191888591,20.76396905866652,0.46831982262917604
cd857b15-3bd1-48b9-bd9a-e29e02440100,2022-2023,9,7,C,active,-0.012134981111988241,-0.7926066040363828,11.636417310635625,19.97312591985743,0.47770922289878587
cd857b15-3bd1-48b9-bd9a-e29e02440100,2023-2024,10,7,C,active,-0.3916605509789672,-0.7414668621139571,12.69851808965969,21.46117580871265,0.6282661071916105
cd857b15-3bd1-48b9-bd9a-e29e02440100,2024-2025,11,7,C,active,0.15124089854561493,-0.7156608213309159,11.009994232943388,21.911101603218686,0.5612767432973074
83ec235e-27d0-40b2-a3a0-29de0df2f9cb,2020-2021,7,7,C,active,0.6141300934420101,0.17237958752361227,7.311832054225793,22.805387281526226,0.2821464986424724
83ec235e-27d0-40b2-a3a0-29de0df2f9cb,2021-2022,8,7,C,active,-0.07045583415516501,-0.5695180498215664,13.50923111195331,23.541293441976176,0.5582249244270887
83ec235e-27d0-40b2-a3a0-29de0df2f9cb,2022-2023,9,7,C,active,0.07876509402968726,-0.22153227607772852,12.425214883947909,23.970512539818746,0.5710726817124299
83ec235e-27d0-40b2-a3a0-29de0df2f9cb,2023-2024,10,7,C,active,-0.4021235002079483,-0.4893800814966678,17.187385136409215,23.556443749283,0.5453465394294589
83ec235e-27d0-40b2-a3a0-29de0df2f9cb,2024-2025,11,7,C,active,0.19940234069607965,-0.3823781414723717,10.19115543610277,24.162182605551504,0.45029819443520663
4c0bdb49-934f-4369-a92d-8d023fc8b64c,2020-2021,7,7,C,active,0.06129773300974294,-0.3255639539003381,9.704959289858653,22.61931982157619,0.26097353056901196
4c0bdb49-934f-4369-a92d-8d023fc8b64c,2021-2022,8,7,C,active,-0.8419448211866769,0.9067484582911782,9.824368611950682,25.187027447085587,0.48578359294107964
4c0bdb49-934f-4369-a92d-8d023fc8b64c,2022-2023,9,7,C,active,-0.22200881416256657,0.21221247438052027,14.061365413818983,27.30921972041484,0.5748500067586768
4c0bdb49-934f-4369-a92d-8d023fc8b64c,2023-2024,10,7,C,active,0.6023510457186444,0.7098277863491944,8.747777816916878,20.795548856407898,0.5030803863707701
4c0bdb49-934f-4369-a92d-8d023fc8b64c,2024-2025,11,7,C,active,-0.9219562301672934,1.0509914592259086,9.17074501349613,26.277460951228385,0.4794087508624877
e3230b45-b2f2-4775-a8dc-a72a056a7021,2020-2021,7,7,C,active,0.32401847641737963,0.14645693431572404,13.005967694928028,25.38946158398282,0.17640089807075277
e3230b45-b2f2-4775-a8dc-a72a056a7021,2021-2022,8,7,C,active,0.11980345518555989,-0.38740322882829803,13.514025303070797,20.09332542023113,0.4279962838755892
e3230b45-b2f2-4775-a8dc-a72a056a7021,2022-2023,9,7,C,active,0.5490132133450366,-0.9519620994476874,12.897603581194911,22.355335622624676,0.3769442897532803
e3230b45-b2f2-4775-a8dc-a72a056a7021,2023-2024,10,7,C,active,-0.4213607504336505,0.3409320507577025,10.903576899521491,20.753601081916926,0.3025321979301138
e3230b45-b2f2-4775-a8dc-a72a056a7021,2024-2025,11,7,C,active,-0.8424823966868616,2.764060310607544,12.731632532262788,28.409012867628253,0.5730439476806825
78cc566f-7440-496a-9c4f-f6ac72c7f455,2021-2022,7,7,A,active,-0.5135102173974624,-0.01770594439767459,8.301992346604333,22.557643692530444,0.5553204255240843
78cc566f-7440-496a-9c4f-f6ac72c7f455,2022-2023,8,7,A,active,-0.4850977445548473,-0.604514202464209,14.711255984163248,28.879917367318853,0.5583870720405102
78cc566f-7440-496a-9c4f-f6ac72c7f455,2023-2024,9,7,A,active,-0.5747660356064964,0.38318565698160345,12.386052841533191,21.743073167443793,0.7408551945219682
78cc566f-7440-496a-9c4f-f6ac72c7f455,2024-2025,10,7,A,active,-0.2510471004639177,-0.47142427782511076,12.541967336481376,21.47372142706497,0.5501520404536884
f6020ce7-568e-4f5d-abdc-50338dac574a,2021-2022,7,7,A,active,0.07557856673699367,-0.6155490432992541,12.304722988643855,27.986033965515265,0.4963412727719109
f6020ce7-568e-4f5d-abdc-50338dac574a,2022-2023,8,7,A,active,-0.47496788790402367,-0.7596921770289864,12.805194627442946,25.145953026546078,0.5597603980833912
f6020ce7-568e-4f5d-abdc-50338dac574a,2023-2024,9,7,A,active,0.8394775760887448,1.4827865175168151,13.509231111953309,26.871844787507893,0.6299048103908182
f6020ce7-568e-4f5d-abdc-50338dac574a,2024-2025,10,7,A,active,-0.11219201558442497,0.07344629452237905,11.515172177757519,23.4219049131487,0.5730409307535977
ec1f6046-2425-416d-a7fc-8df97b95de0d,2021-2022,7,7,A,active,0.7510743733384286,0.8491277808420676,11.663292359534143,20.185937101659864,0.5086341485407104
ec1f6046-2425-416d-a7fc-8df97b95de0d,2022-2023,8,7,A,active,-0.4106272175641203,-0.7461900901193799,15.571869858953466,17.939614352671462,0.5612067125005968
ec1f6046-2425-416d-a7fc-8df97b95de0d,2023-2024,9,7,A,active,0.24873188409735927,-0.4553702727308613,14.795410894455161,25.428043717907148,0.495530911771582
ec1f6046-2425-416d-a7fc-8df97b95de0d,2024-2025,10,7,A,active,0.23985517829939154,-0.5802954071262278,15.886914806792177,23.225971300243046,0.5780937797876009
d24ae3d3-10d6-4821-87fa-5b24ac2c9084,2021-2022,7,7,A,active,0.4109521661955617,0.11913493494042271,13.623033602484174,20.925247253036733,0.6724032052211132
d24ae3d3-10d6-4821-87fa-5b24ac2c9084,2022-2023,8,7,A,active,0.1056507020077707,-0.4218291861359269,9.12116667490903,26.851929454465342,0.49395001336581373
d24ae3d3-10d6-4821-87fa-5b24ac2c9084,2023-2024,9,7,A,active,-1.0397387941281913,2.2629347481013706,13.166841762446333,19.305745031349677,0.4539812817746351
d24ae3d3-10d6-4821-87fa-5b24ac2c9084,2024-2025,10,7,A,active,-0.08176336630162946,-0.5054353968997112,11.981992786974066,19.97029367631921,0.5536179026311346
9db4c1e5-1ecc-4b66-b1da-417ad7dfb15c,2021-2022,7,7,A,active,0.27622107844365634,-0.5487129561328277,13.169301398526656,26.487083544231293,0.36728575881668296
9db4c1e5-1ecc-4b66-b1da-417ad7dfb15c,2022-2023,8,7,A,active,0.1762481975232672,-0.5024654392336201,11.219801273676051,21.505018697199883,0.35119779496363523
9db4c1e5-1ecc-4b66-b1da-417ad7dfb15c,2023-2024,9,7,A,active,0.06834068154037248,-0.8082193918845317,14.298910427239129,21.116364168187115,0.554153559774289
9db4c1e5-1ecc-4b66-b1da-417ad7dfb15c,2024-2025,10,7,A,active,-0.2804460340114117,-0.6102811101515133,10.915452281766413,22.202911349924552,0.5894272145444907
67ee3988-3720-4bdb-83f0-8dc248349f24,2021-2022,7,7,A,active,0.1679618322083401,-0.6594192815143605,10.005126890877703,26.47735919698831,0.5783959858975025
67ee3988-3720-4bdb-83f0-8dc248349f24,2022-2023,8,7,A,active,0.5497788024635748,0.0224159370044128,14.280022000686165,19.020149993248744,0.5165957654651482
67ee3988-3720-4bdb-83f0-8dc248349f24,2023-2024,9,7,A,active,-0.7239421753147802,0.004430347263402634,8.369341906065303,24.804279752445424,0.6675093934577296
67ee3988-3720-4bdb-83f0-8dc248349f24,2024-2025,10,7,A,active,-0.5126551321524833,0.1953009970099293,13.417816021045638,21.233592303545272,0.4609771824598809
b0909786-c8bc-4bd1-8a2d-4aefdac2fa13,2021-2022,7,7,A,active,0.4351717851308042,-0.659668165819344,11.124130923309037,23.73962680344376,0.4908111395245036
b0909786-c8bc-4bd1-8a2d-4aefdac2fa13,2022-2023,8,7,A,active,0.28860953713268733,-0.6231923525185179,11.356569020572556,20.185300329892705,0.27837223018835766
b0909786-c8bc-4bd1-8a2d-4aefdac2fa13,2023-2024,9,7,A,active,-0.3189458879138885,-0.7149117000051719,9.835351699351301,24.016181973581098,0.4393679856689529
b0909786-c8bc-4bd1-8a2d-4aefdac2fa13,2024-2025,10,7,A,active,-0.40729064378627866,-0.06356897299321362,7.721187353189272,24.703734100481185,0.39405289709506003
f6100086-913b-4d0e-9e39-592e5bf88749,2021-2022,7,7,A,active,-0.43570113604833216,-0.8485456608865887,9.76263498423236,24.561699441785162,0.583304991454468
f6100086-913b-4d0e-9e39-592e5bf88749,2022-2023,8,7,A,active,0.01624837478670878,-0.7353263402670356,12.236094037761589,23.695544125414855,0.5492104957168608
f6100086-913b-4d0e-9e39-592e5bf88749,2023-2024,9,7,A,active,0.2182327220447252,-0.38365028448877814,13.005967694928026,26.42042613766549,0.4817023214638495
f6100086-913b-4d0e-9e39-592e5bf88749,2024-2025,10,7,A,active,-0.5881014753298993,-0.4700242960568515,11.293651256544688,26.619413055631785,0.37380643063659635
ee20c4c4-75ee-417b-a3ed-8476ece5214c,2021-2022,7,7,A,active,-1.4043171036215136,1.9822460203377936,14.623664108451585,22.347803610375266,0.18635545243051826
ee20c4c4-75ee-417b-a3ed-8476ece5214c,2022-2023,8,7,A,active,-0.584153984871728,-0.11730923908779722,12.687460735664498,27.13023267989182,0.6077806185266313
ee20c4c4-75ee-417b-a3ed-8476ece5214c,2023-2024,9,7,A,active,0.10044142342096905,-0.6483785769634673,14.563000091324556,24.912636919054215,0.48716135477971145
ee20c4c4-75ee-417b-a3ed-8476ece5214c,2024-2025,10,7,A,active,0.503473452449523,0.26066792128027183,13.781405062840033,25.999433810557477,0.5140262262635921
9ec48c00-d310-4f85-b92b-a773675a9e9d,2021-2022,7,7,A,active,-0.023477397599956366,-0.940018709605944,14.178351139171331,21.11334118963601,0.5996828587412156
9ec48c00-d310-4f85-b92b-a773675a9e9d,2022-2023,8,7,A,active,-0.5039776887063762,0.10430679642492668,14.542969975507136,22.933023204103435,0.5636619681267502
9ec48c00-d310-4f85-b92b-a773675a9e9d,2023-2024,9,7,A,active,-0.2783071084209267,-0.10573262679021989,13.725671643976936,22.69017656825232,0.5341858154774453
9ec48c00-d310-4f85-b92b-a773675a9e9d,2024-2025,10,7,A,active,-0.4009118846897681,-0.5032094766465138,9.789139924367175,20.503986970969834,0.5579470546501158
52157191-7429-4a41-a49b-1101471da785,2021-2022,7,7,A,active,-0.050851150209073374,0.18862620785976825,13.65232452413437,24.25496656612078,0.5878958081987593
52157191-7429-4a41-a49b-1101471da785,2022-2023,8,7,A,active,0.008379392949634605,0.5494229714366754,13.303069567548247,25.027085266650733,0.5920139945691951
52157191-7429-4a41-a49b-1101471da785,2023-2024,9,7,A,active,-0.21943292623661728,-0.2740615269448812,10.292352676464896,26.936293479327205,0.5018010271603144
52157191-7429-4a41-a49b-1101471da785,2024-2025,10,7,A,active,-0.7173641394555721,-0.23844708290306604,10.668353442878907,23.83109627367445,0.46498579626948294
3fd95f96-814d-4af5-928a-a953faf71fc3,2021-2022,7,7,A,active,0.21731513732753982,-0.6030834695523013,14.029081035828806,23.018909193966564,0.5149245474953774
3fd95f96-814d-4af5-928a-a953faf71fc3,2022-2023,8,7,A,active,0.04708977658606605,-0.6225734846120909,9.648057848236345,22.802365901720044,0.5955917008256428
3fd95f96-814d-4af5-928a-a953faf71fc3,2023-2024,9,7,A,active,-0.8548658946106445,1.8471632168050869,13.578581212567418,22.011060325069362,0.47737639482868827
3fd95f96-814d-4af5-928a-a953faf71fc3,2024-2025,10,7,A,active,-0.340735160893744,-0.3087119301732386,13.422642863106331,21.006242761045364,0.5304646621182848
14ac5727-d0c0-4576-be13-15e37dca799e,2021-2022,7,7,A,active,-0.41351920026806144,-0.2639445742531046,11.111506965508072,24.006522325393345,0.6178165491676164
14ac5727-d0c0-4576-be13-15e37dca799e,2022-2023,8,7,A,active,-0.31123317532068523,-0.3640840735516204,14.178351139171328,21.18749557232485,0.3313102530773605
14ac5727-d0c0-4576-be13-15e37dca799e,2023-2024,9,7,A,active,-0.10725071158917056,0.10440241934981165,8.419500531728628,21.550751925783942,0.5874612629986241
14ac5727-d0c0-4576-be13-15e37dca799e,2024-2025,10,7,A,active,-0.14675662914257923,-0.9069652296134456,12.434769068276925,27.490279340895338,0.5916226565652729
ec19a40a-6c78-445f-883a-fcfe4a80b6f0,2021-2022,7,7,A,active,-0.3138164051823226,-0.35944687145461174,12.768889317906838,22.196870264195567,0.3487326779594212
ec19a40a-6c78-445f-883a-fcfe4a80b6f0,2022-2023,8,7,A,active,0.6337923370634536,-0.27271015742205895,14.242169996451638,23.709345692026723,0.4612610823116848
ec19a40a-6c78-445f-883a-fcfe4a80b6f0,2023-2024,9,7,A,active,-0.6505473291372758,1.5013305918937316,11.45689568947043,20.20245470600552,0.4652500897759614
ec19a40a-6c78-445f-883a-fcfe4a80b6f0,2024-2025,10,7,A,active,-0.5798667115407037,-0.1566321147877563,14.476748540783957,21.698265955134563,0.588431830100168
bef72d33-3724-48b9-a64b-cb1f36e353a4,2021-2022,7,7,A,active,0.1287395222415143,-0.02409936500845511,13.14961142778578,20.204320574420603,0.5858168244537596
bef72d33-3724-48b9-a64b-cb1f36e353a4,2022-2023,8,7,A,active,-0.004360040233956492,-0.6623419613890693,13.63333217848076,23.82682148815569,0.4978620168327811
bef72d33-3724-48b9-a64b-cb1f36e353a4,2023-2024,9,7,A,active,-0.760164118413642,0.07543693686807762,13.121666725375322,27.413051957046235,0.42317808948601837
bef72d33-3724-48b9-a64b-cb1f36e353a4,2024-2025,10,7,A,active,-0.2940754573333641,-0.26769321425230386,12.943560657065383,23.140653607486176,0.7375504343822415
7e5ac33b-6789-4290-88a8-f72247e16762,2021-2022,7,7,B,active,-0.419409791004002,-0.49050981812496053,11.124130923309037,22.38079161315493,0.5330733189935725
7e5ac33b-6789-4290-88a8-f72247e16762,2022-2023,8,7,B,active,0.0933024252759928,-0.7467130116191045,11.132862200832543,20.5965107148863,0.5881020797731696
7e5ac33b-6789-4290-88a8-f72247e16762,2023-2024,9,7,B,active,-0.35903175883412414,-0.10819599928371337,8.025600065431647,25.06799404392468,0.39501214641822213
7e5ac33b-6789-4290-88a8-f72247e16762,2024-2025,10,7,B,active,-0.3238023920248096,0.4736223122587928,12.137760755894865,25.002483052951646,0.6506582517707706
ae419971-bc36-490f-9d81-300475aa8ed0,2021-2022,7,7,B,active,0.1292275841007758,-0.9310435941447319,6.815082107323042,21.22699097924419,0.37576256082030995
ae419971-bc36-490f-9d81-300475aa8ed0,2022-2023,8,7,B,active,0.1112037736077316,1.1434785128132479,11.23326465538019,22.985394917534638,0.5141572413468997
ae419971-bc36-490f-9d81-300475aa8ed0,2023-2024,9,7,B,active,0.0855328332130373,-0.8481187962970891,11.2371083730822,27.24895349497231,0.45712378182602725
ae419971-bc36-490f-9d81-300475aa8ed0,2024-2025,10,7,B,active,-0.3450136393251162,0.05251594277745708,11.602038073088398,23.781534040692968,0.3827874852084398
e46ae8d3-4dd1-4756-a1f4-22e3a5fd4cd8,2021-2022,7,7,B,active,-0.5605424191387223,1.1184909124370677,10.614582691844147,24.538405816901776,0.544043474108729
e46ae8d3-4dd1-4756-a1f4-22e3a5fd4cd8,2022-2023,8,7,B,active,-0.5050220850975542,-0.4832592144600891,16.251066610899816,25.01881017529551,0.2793673258806353
e46ae8d3-4dd1-4756-a1f4-22e3a5fd4cd8,2023-2024,9,7,B,active,0.06719973080412267,-0.6180539664684126,13.908511554340382,20.99978380602448,0.6547314485797039
e46ae8d3-4dd1-4756-a1f4-22e3a5fd4cd8,2024-2025,10,7,B,active,-0.28837738734548796,-0.39329845967325205,12.961064916845277,20.053927315118255,0.4771171558098696
18fa0dd5-5ce5-4052-aef6-e8eb71641a27,2021-2022,7,7,B,active,-0.06344559399654758,-0.6028341083869089,13.357333325789558,27.448600111805945,0.48893497829206317
18fa0dd5-5ce5-4052-aef6-e8eb71641a27,2022-2023,8,7,B,active,-0.3966324309418271,0.0033347333762536735,11.294607170995304,26.26464590088295,0.43029265157893265
18fa0dd5-5ce5-4052-aef6-e8eb71641a27,2023-2024,9,7,B,active,-0.2226992282680186,-0.5332400222433193,10.030991113845424,20.304484409224827,0.5325344406092338
18fa0dd5-5ce5-4052-aef6-e8eb71641a27,2024-2025,10,7,B,active,-0.4755722273470788,-0.3299454344929731,13.671290485384418,20.804715061372644,0.3771992003380835
5426a1ee-dafa-4e48-9929-e30bf8232333,2021-2022,7,7,B,active,0.09653496627945071,-0.6051565398709182,13.640457407015521,21.026886470278118,0.47355398597087206
5426a1ee-dafa-4e48-9929-e30bf8232333,2022-2023,8,7,B,active,-0.2627146209118831,-0.4933664113695615,11.97838809592168,24.922304296310053,0.36054738032204325
5426a1ee-dafa-4e48-9929-e30bf8232333,2023-2024,9,7,B,active,0.6502727665324282,-0.05204115748518756,14.25732285742063,22.836578659566698,0.4698669537631428
5426a1ee-dafa-4e48-9929-e30bf8232333,2024-2025,10,7,B,active,0.14375479423668094,-0.2697276749037889,13.1512533846415,22.671651605455203,0.2989451360414649
da8ba648-e39c-42ff-9399-5d3153ce58a1,2021-2022,7,7,B,active,-0.2122930767519643,-0.41961327249473435,11.758248604975583,23.226480067047188,0.3827607565501205
da8ba648-e39c-42ff-9399-5d3153ce58a1,2022-2023,8,7,B,active,0.1438365125901031,-0.12814238871224148,12.357255131539723,22.01120263688725,0.5593790182890962
da8ba648-e39c-42ff-9399-5d3153ce58a1,2023-2024,9,7,B,active,-0.41537267707831504,-0.10932477123801343,9.062982501465084,23.78708382782269,0.6624694006408557
da8ba648-e39c-42ff-9399-5d3153ce58a1,2024-2025,10,7,B,active,0.017013676497986775,-0.2784104624594015,10.40398553342694,21.275662968943237,0.4490331091381554
b652ac57-058f-49e6-b41e-fa934e4befce,2021-2022,7,7,B,active,0.326127846180899,-0.2832619259798834,14.648006777855565,25.29221090984435,0.5939548467573968
b652ac57-058f-49e6-b41e-fa934e4befce,2022-2023,8,7,B,active,-0.48287217556053424,0.12195321915527657,10.316450445650908,21.856112842291356,0.48505818515043214
b652ac57-058f-49e6-b41e-fa934e4befce,2023-2024,9,7,B,active,-0.42535401967333486,0.5240847227042114,12.96106491684528,25.866926783923468,0.49514723384522175
b652ac57-058f-49e6-b41e-fa934e4befce,2024-2025,10,7,B,active,-0.8001206943377095,1.0077006580760113,15.241820443055795,25.904205894642367,0.40847016259523444
54b967e4-0c0a-448a-a751-6cd1de807916,2021-2022,7,7,B,active,-0.13325955175438997,-0.4428404775126831,12.943560657065383,27.072348467426497,0.5665120472440422
54b967e4-0c0a-448a-a751-6cd1de807916,2022-2023,8,7,B,active,0.06296541913947648,-0.499494136711653,10.238716181330323,22.43398683263939,0.5577323976378894
54b967e4-0c0a-448a-a751-6cd1de807916,2023-2024,9,7,B,active,-0.15921026767636157,0.20275186009699997,6.599390639681415,19.857790731272036,0.6338892026325301
54b967e4-0c0a-448a-a751-6cd1de807916,2024-2025,10,7,B,active,-0.025050761192422957,-0.759667409763336,13.367028947675292,19.334778512661607,0.6458086827897758
daba6c3f-7726-4a59-ab61-d1bedf74a590,2021-2022,7,7,B,active,-0.22623571943543488,-0.23253378576186545,15.54063933643514,22.11383442745202,0.6064247041304357
daba6c3f-7726-4a59-ab61-d1bedf74a590,2022-2023,8,7,B,active,-0.07184325438216996,-0.8203825953459125,9.899903896805862,20.926681922485766,0.5582199969608105
daba6c3f-7726-4a59-ab61-d1bedf74a590,2023-2024,9,7,B,active,-0.6992030271533115,-0.07470333868783641,9.138904100117646,21.896371622090708,0.5569171228825812
daba6c3f-7726-4a59-ab61-d1bedf74a590,2024-2025,10,7,B,active,-0.41090845669952825,-0.5661186108949714,15.15658263926749,20.80139753854281,0.6506343005368446
471c3a81-405c-4136-8915-c4295fee9c98,2021-2022,7,7,B,active,-0.06924421380205878,-0.749689982661149,15.613413382822092,21.68128212167341,0.48803021080580505
471c3a81-405c-4136-8915-c4295fee9c98,2022-2023,8,7,B,active,-0.10263042387638152,-0.2779303032014213,10.640994748178821,21.871222759958226,0.4396930186372697
471c3a81-405c-4136-8915-c4295fee9c98,2023-2024,9,7,B,active,-1.7028861793482555,4.753197995474937,8.981612645956039,24.692868858674014,0.36766216647693684
471c3a81-405c-4136-8915-c4295fee9c98,2024-2025,10,7,B,active,-0.07234636124716813,-0.5991397601312234,14.125712813275332,22.959818767936696,0.35338667631280585
6e067cce-f1bf-4385-9ad6-076662ee6f5b,2021-2022,7,7,B,active,0.8348375512827592,1.0097038171246364,9.066555528413067,21.879638432402803,0.47054810674101466
6e067cce-f1bf-4385-9ad6-076662ee6f5b,2022-2023,8,7,B,active,0.13540498203868395,-1.334316806953438,11.080371333122915,19.709518280241717,0.5346300285402834
6e067cce-f1bf-4385-9ad6-076662ee6f5b,2023-2024,9,7,B,active,-0.88377322581779,1.3786197269014222,9.861661202526395,22.893404103138696,0.6115775833934957
6e067cce-f1bf-4385-9ad6-076662ee6f5b,2024-2025,10,7,B,active,-0.08901968957676105,-0.14163654457902908,10.99429369842035,24.26371332227754,0.6246057113743249
59d908df-a651-43bb-bcae-898eef004728,2021-2022,7,7,B,active,0.3133736442254633,-0.14249146514936006,12.810252304406971,16.295224671032663,0.24188484620089035
59d908df-a651-43bb-bcae-898eef004728,2022-2023,8,7,B,active,0.06423348417217047,0.36338767917715264,8.326663997864534,25.106323554610967,0.5616038823025034
59d908df-a651-43bb-bcae-898eef004728,2023-2024,9,7,B,active,-0.8563336345968593,-0.002189734822496625,8.930984443548436,24.175372138263377,0.3053390947654384
59d908df-a651-43bb-bcae-898eef004728,2024-2025,10,7,B,active,-0.030456414619273797,-1.3799855159597834,12.777341618639076,20.457994320890755,0.4910433928632309
23919cad-7526-4273-a672-d1533dd229f6,2021-2022,7,7,B,active,-0.03229260271183975,0.19267533757882305,11.169652349255946,21.15054220611728,0.5021301361547287
23919cad-7526-4273-a672-d1533dd229f6,2022-2023,8,7,B,active,0.03866299356156834,-0.7873053862558805,12.997664069172615,24.832017841858463,0.6656337275699871
23919cad-7526-4273-a672-d1533dd229f6,2023-2024,9,7,B,active,-0.48130175628751126,0.6755141447257316,13.749248537924714,25.828206501951374,0.5828185946562994
23919cad-7526-4273-a672-d1533dd229f6,2024-2025,10,7,B,active,0.18318681967618927,-0.4598217681934149,13.753174090763569,20.971185064709882,0.48919633783920097
0ca9da23-ab43-4841-9688-cccf1fd73445,2021-2022,7,7,B,active,0.5308577496426016,0.5221913733005166,10.769076536393158,22.011167657232495,0.48202774236050894
0ca9da23-ab43-4841-9688-cccf1fd73445,2022-2023,8,7,B,active,-0.11129152817399648,-0.5480842351707018,11.935046884262945,24.36383173410377,0.7294177488983219
0ca9da23-ab43-4841-9688-cccf1fd73445,2023-2024,9,7,B,active,-0.4107727309228418,-0.9265562489484127,12.144874462443077,22.445145263416418,0.6884763589622577
0ca9da23-ab43-4841-9688-cccf1fd73445,2024-2025,10,7,B,active,-0.30281729283251246,-0.421776568602906,15.09877509755986,26.13602267221701,0.4388265756570187
9bca1601-707f-4a4e-b48c-b634c8dd3991,2021-2022,7,7,B,active,-0.3759638936944181,-0.3084174865201663,10.96774808133869,21.882570038214954,0.39233565943354726
9bca1601-707f-4a4e-b48c-b634c8dd3991,2022-2023,8,7,B,active,0.15754422398871235,-0.5095407284708049,11.82965007017224,23.521796269799808,0.41538704274112165
9bca1601-707f-4a4e-b48c-b634c8dd3991,2023-2024,9,7,B,active,-0.30294050526916605,-0.10522767578872871,13.264871469965694,17.828985003922565,0.6367431198609212
9bca1601-707f-4a4e-b48c-b634c8dd3991,2024-2025,10,7,B,active,-0.3091086534877933,-0.47922557348115546,10.872838795907047,21.222630219798326,0.5802085605718903
27a987e3-af22-4ec6-a8f6-224e27820252,2021-2022,7,7,C,active,-0.197186133369859,-0.4928817636388212,12.47637443443968,23.798559278824424,0.6322628517661175
27a987e3-af22-4ec6-a8f6-224e27820252,2022-2023,8,7,C,active,-0.14271875786910246,-0.36676168212379423,12.123520820496834,22.326206460801988,0.7251110393364361
27a987e3-af22-4ec6-a8f6-224e27820252,2023-2024,9,7,C,active,0.7523321990308605,0.0835692812713913,15.51560965769417,22.10016562554605,0.40635089271715613
27a987e3-af22-4ec6-a8f6-224e27820252,2024-2025,10,7,C,active,-0.5339956723162901,0.030250601044673253,14.760343704968355,24.93826212403275,0.48272508683475523
f99d6e0a-5c99-4c79-add2-11b2de834b02,2021-2022,7,7,C,active,0.11455634185467754,-0.6384380151992599,13.05485158083273,21.50701721879038,0.4987808141769274
f99d6e0a-5c99-4c79-add2-11b2de834b02,2022-2023,8,7,C,active,0.0029545467330060362,-0.4279052327133748,9.534368544154482,21.50086039183706,0.5945848918934983
f99d6e0a-5c99-4c79-add2-11b2de834b02,2023-2024,9,7,C,active,-0.8564875249202624,0.9215706841095792,13.461195291557985,26.023335372439394,0.6225174936867022
f99d6e0a-5c99-4c79-add2-11b2de834b02,2024-2025,10,7,C,active,-0.024913836334949622,-0.5954716876228718,12.499716595977567,20.857441986264302,0.47985661579094396
ce3150df-e4bd-4479-9759-0fd315e4d1d6,2021-2022,7,7,C,active,-0.49147402509630783,0.21816029422077365,8.872769910458661,22.354341225322713,0.23116045586720424
ce3150df-e4bd-4479-9759-0fd315e4d1d6,2022-2023,8,7,C,active,0.48247737034461546,1.1362625456391386,12.905971585436824,25.896278871895284,0.6100633262690264
ce3150df-e4bd-4479-9759-0fd315e4d1d6,2023-2024,9,7,C,active,0.6406256705331376,0.14747756486741226,13.77043322880736,21.833687413866006,0.6996349495741202
ce3150df-e4bd-4479-9759-0fd315e4d1d6,2024-2025,10,7,C,active,-0.014185168640868166,-0.3581061952255502,14.693632430685652,22.222181280746497,0.6870702514116419
d03e82db-2717-42e5-b43f-a7c98472224e,2021-2022,7,7,C,active,-0.4899897701785727,0.8215825133642238,13.048233989947077,20.156681096028144,0.6810197258200194
d03e82db-2717-42e5-b43f-a7c98472224e,2022-2023,8,7,C,active,1.065841037651804,2.310936921971196,12.094990654001256,20.21789538376109,0.3819670544033107
d03e82db-2717-42e5-b43f-a7c98472224e,2023-2024,9,7,C,active,0.21704546287826082,-0.9159627752892798,8.858156499644815,24.91625290645724,0.6926583334947173
d03e82db-2717-42e5-b43f-a7c98472224e,2024-2025,10,7,C,active,0.1053873487814549,-0.20141444126634056,10.451610753440377,23.433389750417053,0.44597892505828685
ec7b128b-aa31-46dc-bf86-a4ea08359784,2021-2022,7,7,C,active,0.22373654639023408,-0.5580730105267229,11.749982054139682,24.872340860826117,0.3807628987435104
ec7b128b-aa31-46dc-bf86-a4ea08359784,2022-2023,8,7,C,active,0.22003956579442277,-0.4354766060487334,14.733988541924969,20.042870770697874,0.38987458634475913
ec7b128b-aa31-46dc-bf86-a4ea08359784,2023-2024,9,7,C,active,0.21391748914464773,-0.7728996903774497,12.155537216439384,22.308983674746845,0.6204430483092153
ec7b128b-aa31-46dc-bf86-a4ea08359784,2024-2025,10,7,C,active,-0.7451752103157905,-0.0480748938299822,11.773847365299778,25.840541061406746,0.38166390510202375
96af5f39-3bac-4684-b138-eed2374c324c,2021-2022,7,7,C,active,-0.5471742385727638,-0.52403849593835,9.65924141272832,21.519204489258403,0.47087747509345157
96af5f39-3bac-4684-b138-eed2374c324c,2022-2023,8,7,C,active,0.027720123855954362,-0.77908806395464,11.490769633694205,28.377073949878312,0.5478436386693815
96af5f39-3bac-4684-b138-eed2374c324c,2023-2024,9,7,C,active,0.0012954344183964002,-0.3349615714364882,10.855945465818033,18.839722365150333,0.5921138477488084
96af5f39-3bac-4684-b138-eed2374c324c,2024-2025,10,7,C,active,0.34250949553282645,-0.2373469160216759,11.170618874793103,24.154279809935844,0.6434811736752973
5b5cb4ce-4ddc-465b-a3bb-d8639753d08b,2021-2022,7,7,C,active,0.20910394427946316,-0.502757258412962,11.456895689470432,23.05378818225968,0.5403338851231709
5b5cb4ce-4ddc-465b-a3bb-d8639753d08b,2022-2023,8,7,C,active,0.20052609371732075,-0.11610025221792153,11.504854341290248,22.31636729501769,0.6307901529191288
5b5cb4ce-4ddc-465b-a3bb-d8639753d08b,2023-2024,9,7,C,active,-0.9546880552681896,1.0118145903390605,9.668178950067396,24.437727923718516,0.48610228162195523
5b5cb4ce-4ddc-465b-a3bb-d8639753d08b,2024-2025,10,7,C,active,-0.07041431177524488,-0.7215420682024312,13.57142349801535,19.247365695457045,0.5530718294827734
86911c02-9af6-4965-9056-fef86880ffb6,2021-2022,7,7,C,active,-0.2367499700574725,0.4895588204124133,13.208593285138265,23.609490483390637,0.43264698679660146
86911c02-9af6-4965-9056-fef86880ffb6,2022-2023,8,7,C,active,0.227488548209486,0.4082901875736926,13.119198158572292,26.404094846970743,0.45632709638839997
86911c02-9af6-4965-9056-fef86880ffb6,2023-2024,9,7,C,active,0.24927669687997026,0.055631686006612835,11.705795189804109,24.195504358993542,0.6347598443827553
86911c02-9af6-4965-9056-fef86880ffb6,2024-2025,10,7,C,active,-0.9303502850543561,1.0187949610402143,10.428860609061706,21.523516436868515,0.5562313276002574
ac257f39-8eeb-4d36-a33a-db7e139eabf3,2021-2022,7,7,C,active,0.44248999048893783,0.5240568296763133,14.955805339744295,20.186744879535386,0.5392317746566941
ac257f39-8eeb-4d36-a33a-db7e139eabf3,2022-2023,8,7,C,active,-0.1957333509177019,-0.07529612544072872,10.072878833243443,26.271939555321314,0.26270092066692474
ac257f39-8eeb-4d36-a33a-db7e139eabf3,2023-2024,9,7,C,active,-0.260236043046917,-0.8178243587850456,12.227267596421283,21.75813328231695,0.5176324140586676
ac257f39-8eeb-4d36-a33a-db7e139eabf3,2024-2025,10,7,C,active,-0.05297894202165022,-0.9487234159888374,13.257544385402001,25.7496031205179,0.7282196050921542
4263066a-410a-431a-9280-94dade4f93b9,2021-2022,7,7,C,active,0.12312492072109384,-0.8150450759052887,14.807810609969618,26.996542322511303,0.6529521605794885
4263066a-410a-431a-9280-94dade4f93b9,2022-2023,8,7,C,active,-0.7294587317472614,-0.21858049320255013,13.825986212087805,22.98037621118075,0.5187094060927141
4263066a-410a-431a-9280-94dade4f93b9,2023-2024,9,7,C,active,-0.027644565444571653,-0.23189668708347977,13.800975928252312,24.592157454377837,0.5161160700367731
4263066a-410a-431a-9280-94dade4f93b9,2024-2025,10,7,C,active,-0.02988148087379406,-0.9634434562043372,9.148349998349849,21.253390625584537,0.3460273047430131
36b3f28f-7029-4a5e-a7d1-dd948f3b856d,2021-2022,7,7,C,active,-0.02180892677614834,0.026238404630512857,11.343251990588824,27.19984673846156,0.4910025753811197
36b3f28f-7029-4a5e-a7d1-dd948f3b856d,2022-2023,8,7,C,active,0.11752634702060137,-0.8146122644607807,10.279757502246502,19.77881204364086,0.47009064323240946
36b3f28f-7029-4a5e-a7d1-dd948f3b856d,2023-2024,9,7,C,active,0.28118310326833157,-0.11600630461151917,13.0854144059498,23.360846261232606,0.5106189537748212
36b3f28f-7029-4a5e-a7d1-dd948f3b856d,2024-2025,10,7,C,active,0.2978951536273275,-0.3676335990350932,12.510939882124886,21.353014865823898,0.5142977891019247
fb52702a-fd01-4528-ab93-ad6fd8f063b3,2021-2022,7,7,C,active,0.182230092383784,-0.5871943876820636,12.608931564398372,21.691246026868633,0.6511919559034534
fb52702a-fd01-4528-ab93-ad6fd8f063b3,2022-2023,8,7,C,active,0.32084295646929784,0.007627481446967899,14.609630233053766,24.349879325123748,0.5589571300269817
fb52702a-fd01-4528-ab93-ad6fd8f063b3,2023-2024,9,7,C,active,-0.05096998995910413,-0.33647195656288753,12.56003128837314,23.290753122835827,0.593797282938823
fb52702a-fd01-4528-ab93-ad6fd8f063b3,2024-2025,10,7,C,active,-0.2900496610419236,0.14379473042758173,12.460788701391607,21.640708280023713,0.42360645235853245
e4f2e47c-aa73-45f8-9f65-71df872c93a5,2021-2022,7,7,C,active,0.602747434147905,-0.09968269439185207,11.711327665192854,23.947160547282618,0.3521755602114166
e4f2e47c-aa73-45f8-9f65-71df872c93a5,2022-2023,8,7,C,active,0.03761941826147927,-1.0758414908165495,14.330586938339298,23.378975495803918,0.38626792557441375
e4f2e47c-aa73-45f8-9f65-71df872c93a5,2023-2024,9,7,C,active,0.28667800239358154,0.8930475592875378,12.809409496925259,23.925342687035773,0.6425702036709917
e4f2e47c-aa73-45f8-9f65-71df872c93a5,2024-2025,10,7,C,active,-0.13992589311290096,-0.8193671971540928,11.614128861166412,20.57944110323245,0.504112447164079
4e6fe278-1258-49bf-aea7-95e579005cd5,2021-2022,7,7,C,active,0.03839431259865871,-0.9755034826453457,9.588567191333961,23.050934189967755,0.4331616564229192
4e6fe278-1258-49bf-aea7-95e579005cd5,2022-2023,8,7,C,active,0.22934112110941443,-0.19033429885568864,13.661020524886734,25.82756393798883,0.45040761345029673
4e6fe278-1258-49bf-aea7-95e579005cd5,2023-2024,9,7,C,active,-0.14242542753287063,-1.2010929995514226,10.778095445416099,27.24826807614871,0.6733308007258175
4e6fe278-1258-49bf-aea7-95e579005cd5,2024-2025,10,7,C,active,-0.13822564769184637,-0.4337992933788395,9.024782194447688,24.205608022471324,0.5781362519591813
5c6d321e-09ed-4746-b0f4-034c77e8b78d,2021-2022,7,7,C,active,-0.25482172277543724,0.9129319196740395,8.93461025780305,24.35412233579109,0.49771853954490436
5c6d321e-09ed-4746-b0f4-034c77e8b78d,2022-2023,8,7,C,active,-0.29398533579844627,-0.6398758432402243,13.080463123283065,26.416035736494223,0.35525043254638844
5c6d321e-09ed-4746-b0f4-034c77e8b78d,2023-2024,9,7,C,active,-0.3512540543097962,-0.5937990354710205,11.527354077922078,19.476216833269987,0.5140574689140189
5c6d321e-09ed-4746-b0f4-034c77e8b78d,2024-2025,10,7,C,active,0.33193719075817296,-0.9883899328320913,12.046692783396772,25.729461172844086,0.5411063321676711
447692da-7985-486f-9e7a-58c11b8fb41d,2022-2023,7,7,A,active,-0.02703775034322841,0.30761129418677413,13.725671643976934,22.521062173962907,0.6119392480764149
447692da-7985-486f-9e7a-58c11b8fb41d,2023-2024,8,7,A,active,0.0529171071807565,-0.6133260806728638,13.564262006415145,26.24082304559732,0.5904566304387491
447692da-7985-486f-9e7a-58c11b8fb41d,2024-2025,9,7,A,active,0.14123441114405386,-0.7179010226786993,14.152437881005113,22.136600472904114,0.6096160323610488
db8fe274-bbb5-4b39-9e3f-63e646c98774,2022-2023,7,7,A,active,-0.10500938792172987,-0.870159619387648,9.060599700713643,28.517966996235316,0.5625347643210634
db8fe274-bbb5-4b39-9e3f-63e646c98774,2023-2024,8,7,A,active,-0.19974009839367216,-0.7091110932407281,13.303069567548244,28.544392746330097,0.22126932022328366
db8fe274-bbb5-4b39-9e3f-63e646c98774,2024-2025,9,7,A,active,0.019518402329208977,-0.5268172250518743,12.7748065156178,22.872814601001835,0.6472032940431706
6111d10e-cacd-4c97-8acf-4ea5ae9ecda0,2022-2023,7,7,A,active,-0.32058775521221766,-0.7834031992947983,15.951343019619216,24.053106785637674,0.5087623047910622
6111d10e-cacd-4c97-8acf-4ea5ae9ecda0,2023-2024,8,7,A,active,-0.7649109484099621,1.2426994154348883,14.14862310482837,19.952548691084214,0.5961173842153893
6111d10e-cacd-4c97-8acf-4ea5ae9ecda0,2024-2025,9,7,A,active,0.41921736958522693,-0.22774777703119886,15.20991224495806,20.911016109898867,0.29028943305186855
710b7b97-7881-437f-bac1-0edecc543b6f,2022-2023,7,7,A,active,0.204616662397824,-0.14695275544245812,10.614582691844145,23.512301142485924,0.5295473800025772
710b7b97-7881-437f-bac1-0edecc543b6f,2023-2024,8,7,A,active,-0.3465115992134578,-0.49229580246147187,11.721463754608777,20.33541114497054,0.5160639908038835
710b7b97-7881-437f-bac1-0edecc543b6f,2024-2025,9,7,A,active,0.1791234070719698,-0.486847125495919,13.898416884769073,19.370625511414296,0.45177475753800966
6fcbce22-9ca6-42e3-a2d3-2a7bd8dcdec7,2022-2023,7,7,A,active,-1.2663426505771953,2.02841005484086,9.356054856782901,30.078262488595787,0.4256668562741185
6fcbce22-9ca6-42e3-a2d3-2a7bd8dcdec7,2023-2024,8,7,A,active,0.12227729025769954,-0.983432407385811,13.417816021045633,23.604358369039282,0.4659966473523192
6fcbce22-9ca6-42e3-a2d3-2a7bd8dcdec7,2024-2025,9,7,A,active,0.3198881832965228,-0.5640592557343838,11.927808037874943,26.657276175940556,0.5287187865843797
c81a2b2a-1901-4d26-8525-53442e64c85c,2022-2023,7,7,A,active,0.2384971849425592,-0.34225364632372024,11.946800654733492,20.919436986985364,0.4638665021181411
c81a2b2a-1901-4d26-8525-53442e64c85c,2023-2024,8,7,A,active,0.20479943978242376,-1.0472677591229973,10.840021811532203,22.94015584550063,0.5882546646945496
c81a2b2a-1901-4d26-8525-53442e64c85c,2024-2025,9,7,A,active,-0.1690981144183703,-0.5525329207685385,12.578069297807946,24.34384887229745,0.4914359989570362
8c5e9fe7-0bf4-4f0d-83da-f187594054b9,2022-2023,7,7,A,active,0.01879389045079624,-0.8672606318986396,10.765065707003993,19.695935052995917,0.3835730960846947
8c5e9fe7-0bf4-4f0d-83da-f187594054b9,2023-2024,8,7,A,active,0.3295410989558299,0.44112218827262195,13.420229659084235,21.481403220130407,0.49457091643911444
8c5e9fe7-0bf4-4f0d-83da-f187594054b9,2024-2025,9,7,A,active,-0.9604744887629978,2.7074046977745043,12.409564897476033,25.78545881464038,0.45459990611373186
25c64cad-fc91-4a5c-ab61-cb73a8bc283a,2022-2023,7,7,A,active,0.05011956946742949,0.28536408731494145,11.954931110957784,21.74713780490105,0.47089926911110425
25c64cad-fc91-4a5c-ab61-cb73a8bc283a,2023-2024,8,7,A,active,-0.5559287497015768,-0.4914771674509333,8.89100289751481,22.090541650744715,0.47370916310429373
25c64cad-fc91-4a5c-ab61-cb73a8bc283a,2024-2025,9,7,A,active,-0.19393536836929168,-0.006808874933956766,12.812780394219644,25.70211496505901,0.6451838751696815
1289904d-4d67-42b4-bd4f-46bdb1af4e1f,2022-2023,7,7,A,active,0.245518845326328,-0.780533734320477,10.787106813891524,21.08150671021372,0.4055581960007196
1289904d-4d67-42b4-bd4f-46bdb1af4e1f,2023-2024,8,7,A,active,0.1503893400448466,-0.5181421898711225,14.880540962116807,23.101384728545785,0.43696314621544236
1289904d-4d67-42b4-bd4f-46bdb1af4e1f,2024-2025,9,7,A,active,-0.07449035111928612,-0.31011303252808764,14.031389526265272,24.24611553535964,0.347702397660923
79433995-594e-42eb-8367-f9e782a628ad,2022-2023,7,7,A,active,-0.3307247795488166,-0.41391733753587534,12.787477004911764,30.29247308296421,0.572751078483763
79433995-594e-42eb-8367-f9e782a628ad,2023-2024,8,7,A,active,-0.3997144949116597,-0.16693965947226364,13.294139424947089,24.523820840581713,0.552120433776552
79433995-594e-42eb-8367-f9e782a628ad,2024-2025,9,7,A,active,0.307985621480141,-0.2299676164823672,14.40647627646863,22.471038086016637,0.4815315478551348
994ff200-899d-44b9-8fd4-1339ef227ffc,2022-2023,7,7,A,active,-0.2944647510037769,-0.5796151130299263,14.368957393360162,23.537585653760534,0.3521754196156782
994ff200-899d-44b9-8fd4-1339ef227ffc,2023-2024,8,7,A,active,-0.0005122016923573144,-0.014787263436567777,13.722524997524776,22.034780527531254,0.46194505402260216
994ff200-899d-44b9-8fd4-1339ef227ffc,2024-2025,9,7,A,active,0.06725857573481654,-0.4227895726955113,13.0854144059498,26.339187989796866,0.40889910797598367
48b9005e-04b0-4706-88e9-f13256b3438a,2022-2023,7,7,A,active,-0.5270005107082754,-0.17490011646181358,12.069971438504558,18.235585118357147,0.4210308967407574
48b9005e-04b0-4706-88e9-f13256b3438a,2023-2024,8,7,A,active,-0.6068867841157892,0.030122991638897645,13.63016421464608,21.298710733798956,0.6934244343807651
48b9005e-04b0-4706-88e9-f13256b3438a,2024-2025,9,7,A,active,-0.18086654957021,-0.8513121458097643,12.62689971811086,24.877480251055538,0.5023428686316715
ae478ddd-bdf7-4c36-bd77-d2ea43c36e59,2022-2023,7,7,A,active,0.7680412051368768,0.016078841697105162,11.131892397076115,23.32943581729919,0.5513233901063634
ae478ddd-bdf7-4c36-bd77-d2ea43c36e59,2023-2024,8,7,A,active,-0.03329005803489267,-0.23958943545948497,12.167077988351556,20.856461148257104,0.39105268860356796
ae478ddd-bdf7-4c36-bd77-d2ea43c36e59,2024-2025,9,7,A,active,-0.05997008715653977,-0.4846202789609144,12.23344677402936,19.037377610673612,0.32424212680395925
8b9f5bb1-a9c1-4cb5-aa59-7fe7401bab6e,2022-2023,7,7,A,active,0.5350417533280214,0.42591036149225125,14.200416256657698,24.516198503391962,0.5765879945110157
8b9f5bb1-a9c1-4cb5-aa59-7fe7401bab6e,2023-2024,8,7,A,active,0.07081452904057374,0.5833105428018683,11.430479886922688,25.703185651561494,0.35328837558882603
8b9f5bb1-a9c1-4cb5-aa59-7fe7401bab6e,2024-2025,9,7,A,active,-0.16265897228364792,-0.4079423722985571,14.503571155005691,28.570999867263122,0.663080470564936
99006de0-36b2-4332-942b-0dbeae059d8b,2022-2023,7,7,A,active,-0.07503522631445747,-1.0881005998054645,14.81218450184169,25.833902391168735,0.5055920930850355
99006de0-36b2-4332-942b-0dbeae059d8b,2023-2024,8,7,A,active,-0.14164796280647254,-0.6179632941295949,13.604793947486902,23.875254116440612,0.4549799116405409
99006de0-36b2-4332-942b-0dbeae059d8b,2024-2025,9,7,A,active,0.501777703374151,-0.3429720072024818,15.546196014662744,18.376351464839537,0.5754161434929348
ef759656-ebbe-4f75-8934-dfc4a7931477,2022-2023,7,7,B,active,0.5196926847156774,1.0250609602440601,10.762056604022213,24.19992475170757,0.24820495272998389
ef759656-ebbe-4f75-8934-dfc4a7931477,2023-2024,8,7,B,active,0.030056434319495656,-0.5710232234966597,10.890697289402212,23.939675006149297,0.6105074692945568
ef759656-ebbe-4f75-8934-dfc4a7931477,2024-2025,9,7,B,active,-0.5848216516509623,-0.48306479556479553,9.35836242984963,21.35050664503956,0.4642068742313458
fc949718-c36a-47a1-b416-b02eba37a035,2022-2023,7,7,B,active,0.0927034318514177,-0.6880657540905366,10.808104121900914,19.82320692466616,0.4466855677129836
fc949718-c36a-47a1-b416-b02eba37a035,2023-2024,8,7,B,active,0.09305619457018487,-0.5923625458095483,11.170618874793103,20.610092601439987,0.3124292957318241
fc949718-c36a-47a1-b416-b02eba37a035,2024-2025,9,7,B,active,0.8688487874114817,2.4344797670130998,11.744467787717507,21.17305723660646,0.5091061839710492
2eb2be9c-19fd-4413-b3e5-04107ace4b6c,2022-2023,7,7,B,active,-0.3442138252937639,-0.8176445131924317,13.725671643976936,22.765484612615918,0.4745365080260096
2eb2be9c-19fd-4413-b3e5-04107ace4b6c,2023-2024,8,7,B,active,-0.4207137668335959,-0.4691464690204308,11.721463754608777,25.407322706069582,0.5324141909670472
2eb2be9c-19fd-4413-b3e5-04107ace4b6c,2024-2025,9,7,B,active,0.37193528563374084,-0.8761742521127323,12.97105674532412,18.419789516413296,0.497497357973673
778ea087-c8b5-402d-8ac3-0b81b3ed455b,2022-2023,7,7,B,active,0.2575261053838975,0.8264474677357159,11.865189675933715,23.999769877189465,0.6238349240400336
778ea087-c8b5-402d-8ac3-0b81b3ed455b,2023-2024,8,7,B,active,0.39981065411518885,-0.3502208871848893,12.086954411123264,19.66640286523889,0.570973451236812
778ea087-c8b5-402d-8ac3-0b81b3ed455b,2024-2025,9,7,B,active,-0.026050669078248233,-0.4768204521935431,11.288870470123575,19.083387370362864,0.43330688126354955
6e300365-1af4-495a-945e-adf430a52523,2022-2023,7,7,B,active,-0.21426484445641386,-0.23473478030024042,9.060599700713647,25.212008198171326,0.49279779566094883
6e300365-1af4-495a-945e-adf430a52523,2023-2024,8,7,B,active,-0.9307714617657225,1.2336641307445237,11.193790451378199,23.20538186685138,0.34110648869245364
6e300365-1af4-495a-945e-adf430a52523,2024-2025,9,7,B,active,0.7001347809144194,0.1125413978286458,14.234587517078833,26.51491683894753,0.2978221269182282
a1e01234-af95-456b-bbab-d5ef50f4fc6f,2022-2023,7,7,B,active,0.7525248979404336,1.0450932489745348,11.05696207176321,21.961930209754133,0.5687246719642864
a1e01234-af95-456b-bbab-d5ef50f4fc6f,2023-2024,8,7,B,active,-0.01591098013893283,-0.08681679055913882,9.891175745321245,24.91908086047904,0.391112863505402
a1e01234-af95-456b-bbab-d5ef50f4fc6f,2024-2025,9,7,B,active,-0.35686570350941493,-0.2902390961616046,6.480532458422638,23.951829959917216,0.6260025590102657
48e8d01c-6dc3-4bd7-9c3f-ecb84f85e0bb,2022-2023,7,7,B,active,-0.04307441450897711,-0.21053949619238166,11.20824836042822,24.22555027485895,0.48605132724572175
48e8d01c-6dc3-4bd7-9c3f-ecb84f85e0bb,2023-2024,8,7,B,active,-0.35066387691302087,-0.5006184934482398,13.892201134509728,22.999872193465304,0.5917738077641782
48e8d01c-6dc3-4bd7-9c3f-ecb84f85e0bb,2024-2025,9,7,B,active,0.025388016212141772,0.6891822481164369,10.494905903938525,22.601754013454073,0.5610092246330644
9b90b729-91fb-4cbb-8b20-2c7644905e43,2022-2023,7,7,B,active,0.4441916432772383,-0.3859737505447498,12.497989042020599,25.994520284584755,0.5624285878310827
9b90b729-91fb-4cbb-8b20-2c7644905e43,2023-2024,8,7,B,active,-0.7054835374599504,-0.2237304978862409,10.11992862947101,25.90152345173128,0.517986926759186
9b90b729-91fb-4cbb-8b20-2c7644905e43,2024-2025,9,7,B,active,-0.7305814193881034,1.1032498065054952,10.629828425787192,25.724395119995062,0.5873785152116318
3cb7557e-feb5-4cb2-bbfe-0f8ca19c8d5b,2022-2023,7,7,B,active,-0.40308503944595175,-0.7988909324549427,7.039506791703898,26.703418970907165,0.5476692792236405
3cb7557e-feb5-4cb2-bbfe-0f8ca19c8d5b,2023-2024,8,7,B,active,-0.21575944112069612,-0.5599576778592468,12.526463215998138,22.73844863290169,0.4081254582632107
3cb7557e-feb5-4cb2-bbfe-0f8ca19c8d5b,2024-2025,9,7,B,active,0.5861780933213065,-0.6570426776088079,8.985218030183383,23.588191385909102,0.5590505072357782
819e1ec3-a41a-435d-ae83-459403c238e9,2022-2023,7,7,B,active,-0.046477886147240736,-1.081240177952121,7.939038989762656,27.305891274145804,0.569743092143471
819e1ec3-a41a-435d-ae83-459403c238e9,2023-2024,8,7,B,active,-0.14161251957964724,-0.13991792832526517,10.950015251500666,22.805289469578074,0.6120975653065346
819e1ec3-a41a-435d-ae83-459403c238e9,2024-2025,9,7,B,active,0.2479205758832375,-1.0727667806916399,12.858201014657272,23.491505906118718,0.6649921363059023
64a41e36-d282-424f-9e8e-265531f7eee6,2022-2023,7,7,B,active,-0.8515631635844179,1.2269343422607513,6.349259044829844,23.72193309485291,0.49901416558028766
64a41e36-d282-424f-9e8e-265531f7eee6,2023-2024,8,7,B,active,0.20689899893042468,-0.6978857312181286,13.545146184342041,23.7316008953819,0.67781359984153
64a41e36-d282-424f-9e8e-265531f7eee6,2024-2025,9,7,B,active,-0.09322257689782688,-0.17051060554033448,11.669770167509004,31.08807749661117,0.5409404404256446
17b41811-786b-4823-86fb-d71b31763e9b,2022-2023,7,7,B,active,0.10488002116755829,-0.0988567547956336,13.689441541443507,23.467902553994303,0.46945590640581586
17b41811-786b-4823-86fb-d71b31763e9b,2023-2024,8,7,B,active,-0.4926687543297427,0.03311430846302654,7.0960253838549,20.477630978525763,0.5503461036368468
17b41811-786b-4823-86fb-d71b31763e9b,2024-2025,9,7,B,active,-0.06886673035520217,-0.6007459085404836,11.00410915765453,20.60803730935358,0.6392217506704171
0edf8d9c-0172-4f0b-bd65-9b6d0e4c2daa,2022-2023,7,7,B,active,-0.7761953174841908,0.34608551068231863,10.891688569365073,24.95641836748284,0.49214550704973403
0edf8d9c-0172-4f0b-bd65-9b6d0e4c2daa,2023-2024,8,7,B,active,-0.10169342639961106,-0.2832229943870037,10.855945465818033,22.571584774072505,0.3990371492812717
0edf8d9c-0172-4f0b-bd65-9b6d0e4c2daa,2024-2025,9,7,B,active,0.01692407279134169,-0.746499404823529,10.534949226060922,22.05798473878247,0.6447875288961614
e24621b1-9754-423d-9d77-8565c9599d53,2022-2023,7,7,B,active,0.3181068201222959,-0.014753886417290474,10.885739535565204,21.185460213753192,0.5552292997123314
e24621b1-9754-423d-9d77-8565c9599d53,2023-2024,8,7,B,active,0.5105099904608178,0.2666528306544409,11.884282365436732,23.50789057931943,0.4853251797685789
e24621b1-9754-423d-9d77-8565c9599d53,2024-2025,9,7,B,active,-0.467423422737338,0.254780141466743,15.204942729284106,24.651606161597712,0.5548698458786168
6952158d-cde6-4bea-9ba2-71e99a932531,2022-2023,7,7,B,active,0.41834486377658286,-0.04935260107145156,13.668921179369908,22.79241215382064,0.7371938282584345
6952158d-cde6-4bea-9ba2-71e99a932531,2023-2024,8,7,B,active,-0.3011425465551849,-0.7832425051359957,11.929618161269213,23.95229162997472,0.5759672958865094
6952158d-cde6-4bea-9ba2-71e99a932531,2024-2025,9,7,B,active,-0.3262340520269477,-0.49188536907835223,12.452988519906498,26.14814679078517,0.5423894030926637
9b6d2b9c-ddce-4e3e-a808-2d16ba76a2ef,2022-2023,7,7,C,active,0.28671841402321574,0.08077322924453778,11.935046884262945,23.76639440330137,0.48639111082730857
9b6d2b9c-ddce-4e3e-a808-2d16ba76a2ef,2023-2024,8,7,C,active,-0.1687843343537189,0.04408866090593788,11.821433449413838,19.998430094113345,0.5630175399841172
9b6d2b9c-ddce-4e3e-a808-2d16ba76a2ef,2024-2025,9,7,C,active,-1.9815629732060656,6.723512284880197,10.202801869677899,21.513393809176712,0.548802108989237
c3685a61-1611-4600-82d1-adad32ed50b3,2022-2023,7,7,C,active,-0.1362684662874067,-0.6934955847192712,14.433429482963362,24.665163535078282,0.4939469642400262
c3685a61-1611-4600-82d1-adad32ed50b3,2023-2024,8,7,C,active,0.5206822967967311,0.2239042238963198,13.982059065405997,24.133752923161104,0.43245861842048827
c3685a61-1611-4600-82d1-adad32ed50b3,2024-2025,9,7,C,active,-0.5934774967501681,1.961235055394134,11.451240290184108,19.32929420694008,0.15548881726037445
17eeb27e-41fe-4b6e-9b33-6772c1fb7b61,2022-2023,7,7,C,active,-0.9259039388105338,2.090010512241448,13.783755033879851,18.43605940215778,0.264963037979275
17eeb27e-41fe-4b6e-9b33-6772c1fb7b61,2023-2024,8,7,C,active,0.38547489892417197,-0.5296189211162279,9.209512186313212,24.122593325636778,0.4402805132870119
17eeb27e-41fe-4b6e-9b33-6772c1fb7b61,2024-2025,9,7,C,active,0.03351742269075525,-0.8072343267036763,12.351137894439095,17.575169295329047,0.5574711207172072
b6b48d51-e44a-4aab-ba1e-559c6ccee8ee,2022-2023,7,7,C,active,-0.22917613538832474,-0.7445354060667735,16.408417575788057,20.217247953277305,0.44407815729713407
b6b48d51-e44a-4aab-ba1e-559c6ccee8ee,2023-2024,8,7,C,active,-0.8976181349121963,0.4014719501895967,6.550128512919612,22.177833904899686,0.5016441578599166
b6b48d51-e44a-4aab-ba1e-559c6ccee8ee,2024-2025,9,7,C,active,0.2110777885142231,-0.29429377920520094,9.95970288269038,22.99731718611012,0.6407532179091593
6bc426fd-4cff-4f1f-999b-11375e9698a4,2022-2023,7,7,C,active,0.1514492805639676,-0.5490125328566107,12.733328387419462,25.042981667309025,0.4819005966172971
6bc426fd-4cff-4f1f-999b-11375e9698a4,2023-2024,8,7,C,active,0.3742984437971894,-0.4143565661109685,15.783966650967889,21.198693176780793,0.3334217517305322
6bc426fd-4cff-4f1f-999b-11375e9698a4,2024-2025,9,7,C,active,0.07819576918361723,-0.6170180729666814,11.590866151312929,24.116668390579143,0.5303143568063929
9aeeaba5-1642-4f49-a716-5a29b7b64389,2022-2023,7,7,C,active,-0.6555801026388542,-0.382167901918367,15.968254607053382,23.993004628978344,0.5852138439758802
9aeeaba5-1642-4f49-a716-5a29b7b64389,2023-2024,8,7,C,active,0.059230306917535516,-1.0171321264051445,14.465557772634082,20.828307757168083,0.5300167995204947
9aeeaba5-1642-4f49-a716-5a29b7b64389,2024-2025,9,7,C,active,0.3642507632633529,-0.6399453354440228,12.885879245927331,20.521814514821536,0.36426904545924466
cb8b4bb6-5ab6-4e3b-9270-8c4953eae8c7,2022-2023,7,7,C,active,-0.23590630028660625,0.2851800530395918,10.251361780445384,20.817671572928308,0.49909621302550256
cb8b4bb6-5ab6-4e3b-9270-8c4953eae8c7,2023-2024,8,7,C,active,0.13841176753508147,-0.377741680629752,13.761021836960397,25.016597829265553,0.3983195984737262
cb8b4bb6-5ab6-4e3b-9270-8c4953eae8c7,2024-2025,9,7,C,active,-0.07270002304984366,-0.8270781972673324,6.3831762682268955,20.084123925006313,0.5241234640559546
3b6bf0c7-3edd-4763-bafa-f310041adb90,2022-2023,7,7,C,active,-0.9586033279201797,0.6814029562258126,13.852510161944465,20.269255155992962,0.5434979985571635
3b6bf0c7-3edd-4763-bafa-f310041adb90,2023-2024,8,7,C,active,-0.3711127218734353,-0.6880620669632833,9.95970288269038,24.192389413640182,0.4070816465701848
3b6bf0c7-3edd-4763-bafa-f310041adb90,2024-2025,9,7,C,active,-0.08833561163285893,-0.6218380624953119,12.270456493712963,30.275502878980504,0.21214865738857963
b334f4d7-c68f-4796-8786-ed8e1462dba7,2022-2023,7,7,C,active,-0.3403500165617602,0.6765353692850193,8.894645009867004,23.54461257552016,0.4541777342413969
b334f4d7-c68f-4796-8786-ed8e1462dba7,2023-2024,8,7,C,active,0.682066966751433,0.465977263225934,11.853354980405252,21.94838615012882,0.5639722338856801
b334f4d7-c68f-4796-8786-ed8e1462dba7,2024-2025,9,7,C,active,0.09465370491384284,-0.7904466870715852,13.378331625618355,21.540290995864257,0.470200280082777
8dce8933-91be-4e98-af3c-361107e1b287,2022-2023,7,7,C,active,-0.4220148978522506,0.1326099975059294,10.826069401101345,22.61411395874057,0.5530756437125164
8dce8933-91be-4e98-af3c-361107e1b287,2023-2024,8,7,C,active,-0.13447197969130573,-0.4624523482620724,11.597384413572197,24.901086084112567,0.519284883428633
8dce8933-91be-4e98-af3c-361107e1b287,2024-2025,9,7,C,active,-0.009152234861881957,-0.4890418502141438,16.33521980898412,22.521663503352244,0.5319168935483728
659da457-c320-4715-9e05-b48ffe976959,2022-2023,7,7,C,active,-0.409679348594973,-0.2834367884725415,9.563764271694195,22.78728104106742,0.39357199795560166
659da457-c320-4715-9e05-b48ffe976959,2023-2024,8,7,C,active,0.2987750787448916,-0.19757340305240945,12.620913175864596,26.591754856462188,0.33458972353488353
659da457-c320-4715-9e05-b48ffe976959,2024-2025,9,7,C,active,-0.8790486855476429,1.717751635057212,12.406954647161976,24.470875956223743,0.529269538529417
3a015333-ecc0-4f7e-8b3e-eb038e1eb260,2022-2023,7,7,C,active,-0.1690994822914974,-0.5461966969146523,11.593660141024793,23.525112460258345,0.37756189993056216
3a015333-ecc0-4f7e-8b3e-eb038e1eb260,2023-2024,8,7,C,active,0.7173420309115157,0.06607357210365761,14.420707857616069,24.25329528866652,0.6712126343800191
3a015333-ecc0-4f7e-8b3e-eb038e1eb260,2024-2025,9,7,C,active,0.14895788225956272,-0.3955993386458201,12.57291822150245,25.996519202913138,0.5399824190888468
4b055117-55b0-4c51-ac5d-c43be5380c5b,2022-2023,7,7,C,active,0.1859389838101537,-0.6212501237399368,12.04669278339677,20.714328271772807,0.6418180165757007
4b055117-55b0-4c51-ac5d-c43be5380c5b,2023-2024,8,7,C,active,-0.019082831621957837,-0.877845114244983,10.050345600707333,22.10514636199425,0.6729738085626019
4b055117-55b0-4c51-ac5d-c43be5380c5b,2024-2025,9,7,C,active,0.40632917311320105,0.0916107924088636,12.587507462939383,21.068387675100134,0.2972515145198798
f61f2ba8-c7b2-46fa-b62b-3b6b2899a250,2022-2023,7,7,C,active,-0.6275176040892652,-0.5406891530952236,11.697491570496442,20.977506704274003,0.3370932250176815
f61f2ba8-c7b2-46fa-b62b-3b6b2899a250,2023-2024,8,7,C,active,-0.4497929679534941,0.06163825083305685,15.792172508892095,21.1700910078033,0.6786792406530395
f61f2ba8-c7b2-46fa-b62b-3b6b2899a250,2024-2025,9,7,C,active,0.03641879486044209,-0.8043601832461249,9.728292558993088,23.961435782385085,0.4780200457136804
a909a499-14d9-4a1b-b1ce-0d877ff2b174,2022-2023,7,7,C,active,-1.0957887780777398,1.5292159245163415,11.132862200832548,23.528141852329192,0.461144962452971
a909a499-14d9-4a1b-b1ce-0d877ff2b174,2023-2024,8,7,C,active,-0.41140341650564155,-0.46395453064689374,13.45397512609776,23.68632929073602,0.5037764039461679
a909a499-14d9-4a1b-b1ce-0d877ff2b174,2024-2025,9,7,C,active,-0.710969282969078,0.689882515302529,10.033143456132578,23.446834807987486,0.5307369253194982
0cc1957a-0751-4fa3-885d-a6b8008846aa,2023-2024,7,7,A,active,0.058378387057981616,0.5559351686811942,12.728240144104445,24.128733545592343,0.45547767835346664
0cc1957a-0751-4fa3-885d-a6b8008846aa,2024-2025,8,7,A,active,-0.9817208798347142,0.8161260259235283,12.578069297807945,21.49513247714342,0.18605158248555642
b10f4c17-9904-41b3-a7ba-8d6f84a5d69c,2023-2024,7,7,A,active,0.2525313044949579,-0.9548648929066248,10.602370320369705,23.895115290655188,0.369748573344858
b10f4c17-9904-41b3-a7ba-8d6f84a5d69c,2024-2025,8,7,A,active,-0.25514288177138555,-0.3534381757498437,13.32577383543224,21.92060793513947,0.6612930966806941
f704ed26-90c7-4fde-abf4-adf551d96a0e,2023-2024,7,7,A,active,0.31919391970138167,-0.8005241370364438,10.82606940110135,21.579314809334935,0.5999034483101288
f704ed26-90c7-4fde-abf4-adf551d96a0e,2024-2025,8,7,A,active,-0.4621629867687181,0.2677404809763715,12.763815250820777,27.424772409545408,0.516081116173171
b44c7757-942e-4930-8f5b-abcc11107a3e,2023-2024,7,7,A,active,0.2694752823542539,-0.45611191535415063,10.962825172485562,24.920412066342568,0.47023641272520417
b44c7757-942e-4930-8f5b-abcc11107a3e,2024-2025,8,7,A,active,-0.5480003519857061,-0.541833979428711,11.589003117281557,19.307324836431924,0.5625893731086771
db59d03a-1122-4032-b654-2bdde47f1154,2023-2024,7,7,A,active,-0.2073208236126667,0.06070364876104817,12.097668215334437,18.81563264656072,0.6488949069143239
db59d03a-1122-4032-b654-2bdde47f1154,2024-2025,8,7,A,active,-0.6758057406426354,2.410996434625483,11.639200365798144,21.54187740499961,0.5312624613261423
13c3217b-4a2b-4ee0-8c6a-38389261de2b,2023-2024,7,7,A,active,-0.30109082227745554,-0.7417923932111852,13.915495881966464,25.319274584162077,0.5285342687711241
13c3217b-4a2b-4ee0-8c6a-38389261de2b,2024-2025,8,7,A,active,0.05378605376667137,-0.8769960295934318,13.149611427785782,27.839621438587507,0.4614777134202504
390425aa-bde0-4b8b-b794-9ea5bcfeb62d,2023-2024,7,7,A,active,-1.4344521810818238,3.7270634538983884,8.044411141114523,23.343824160032636,0.34008326201613986
390425aa-bde0-4b8b-b794-9ea5bcfeb62d,2024-2025,8,7,A,active,-0.40881926219220943,-0.37536146766848955,14.125712813275333,20.673984365437317,0.6194827603812503
a11e7f09-5b75-465a-9b4f-48969c9fb7e9,2023-2024,7,7,A,active,1.0308770550984998,2.3953242252910414,12.169739689186622,28.80085422114747,0.47781871147777943
a11e7f09-5b75-465a-9b4f-48969c9fb7e9,2024-2025,8,7,A,active,-0.1138971143442579,-0.2153782955448289,6.545181907924887,24.452364764722912,0.6170636716576485
10ccaacb-f8c7-4cca-bb51-5f0f748af3cb,2023-2024,7,7,A,active,0.8720601747859899,1.1544542596019642,7.439182112257047,22.981818375338726,0.6484187507614773
10ccaacb-f8c7-4cca-bb51-5f0f748af3cb,2024-2025,8,7,A,active,-0.2721506655200798,0.8552160423344422,12.32313471170412,24.982830168325755,0.3052517281887483
fcfc9bd7-f4b3-4b7a-9b15-3937c2a84a99,2023-2024,7,7,A,active,0.06357540041148542,-0.29380092451809636,11.780264380729838,24.152376314573907,0.44872592837597136
fcfc9bd7-f4b3-4b7a-9b15-3937c2a84a99,2024-2025,8,7,A,active,-0.29228526204227245,0.41152637914893875,10.184797222671472,25.44407882238278,0.38219273320120845
1997fd62-5434-4a98-a842-b2c611676540,2023-2024,7,7,A,active,0.3660222122858981,-0.6789243673033334,14.012910954341534,25.26735078419991,0.5806323126703181
1997fd62-5434-4a98-a842-b2c611676540,2024-2025,8,7,A,active,0.21529616417190953,-0.9113198708990651,13.196327137977585,23.699984231186225,0.6443740114336154
3e51c354-4c85-4049-b0e0-098e3e61d3c2,2023-2024,7,7,A,active,-0.29627244051694457,-0.7631280201846762,11.627135649024211,20.54945944872118,0.5218374025018376
3e51c354-4c85-4049-b0e0-098e3e61d3c2,2024-2025,8,7,A,active,0.24768721043996147,-0.03509681268134024,13.76023726374861,19.25690359274328,0.4808789538129956
de6cc2d2-dafe-49b9-9e03-c2ecbc74c2e4,2023-2024,7,7,A,active,0.9699339481122736,1.702574188459983,10.207033641684694,23.544313451387236,0.40817579947823535
de6cc2d2-dafe-49b9-9e03-c2ecbc74c2e4,2024-2025,8,7,A,active,-0.01179300288827359,0.21170247674643727,13.144684326596968,25.812322669230003,0.624201320831034
4724991c-2e3e-4f2f-81ee-859259aff8f5,2023-2024,7,7,A,active,-0.39298863249495536,0.4581706072285532,12.0654982621146,18.397989700373437,0.5609473607548151
4724991c-2e3e-4f2f-81ee-859259aff8f5,2024-2025,8,7,A,active,-0.49188356363584235,0.21054727276000662,12.419131121530409,19.911789902061333,0.595070975159263
abb2e997-6f55-4482-9f86-66c4a179f5f3,2023-2024,7,7,A,active,-0.058283073881521104,-0.54242625997006,15.064414100778366,25.446865610209912,0.4541782763902371
abb2e997-6f55-4482-9f86-66c4a179f5f3,2024-2025,8,7,A,active,0.03267119579774483,-0.833165156610463,12.720603962948704,25.966674781025844,0.630327766953234
d9d6d6fc-457a-43c2-8ce5-f94ca4d05f1c,2023-2024,7,7,B,active,0.45827699557196433,-0.33449156178362127,12.57549402339819,22.869067557896663,0.48371977851295705
d9d6d6fc-457a-43c2-8ce5-f94ca4d05f1c,2024-2025,8,7,B,active,-0.19800553716394262,-0.09704025909871117,16.43602901958145,22.687897437598174,0.5136815244078171
bf89e1de-d842-4af7-8a72-87f9db622a6d,2023-2024,7,7,B,active,-0.2774420444936562,-0.021276702213024024,6.78173302585763,23.62009916371287,0.21039985520197985
bf89e1de-d842-4af7-8a72-87f9db622a6d,2024-2025,8,7,B,active,0.09908755300436241,-0.9549143441465153,9.229419604439807,26.21734983121142,0.6317490955801746
1bf56a6d-44c6-4751-81fe-c059db5837c8,2023-2024,7,7,B,active,0.6973478423224837,-0.1003117403117395,10.100707475121519,22.87768902583899,0.6792103490768665
1bf56a6d-44c6-4751-81fe-c059db5837c8,2024-2025,8,7,B,active,0.24171249093652547,-0.4991233838474396,13.005967694928025,24.085986153678036,0.31405488817581756
a054d268-18cb-43de-809f-69aec257a067,2023-2024,7,7,B,active,-0.6239703634601794,0.7684983287206317,5.872233893858753,25.344055961948097,0.4807167747883112
a054d268-18cb-43de-809f-69aec257a067,2024-2025,8,7,B,active,0.11326119114015018,-0.18490008000169977,11.184141462039674,25.75140092675543,0.3402183457937574
99b06eb6-a2e5-4804-afef-a417acc8c896,2023-2024,7,7,B,active,-0.25746925875949694,-0.23737113994852121,14.465557772634082,22.192532768253418,0.32482284018252877
99b06eb6-a2e5-4804-afef-a417acc8c896,2024-2025,8,7,B,active,-0.2317283225704705,0.037085544170455176,13.455579942126143,23.678159829877842,0.5397425329577669
24f4fb85-9d14-457d-8ac5-dcbaeabe436d,2023-2024,7,7,B,active,-0.06556459428319386,0.3619833202376963,14.132589800420039,23.568947037370528,0.5650248825354283
24f4fb85-9d14-457d-8ac5-dcbaeabe436d,2024-2025,8,7,B,active,-0.09763593141891612,-0.21031741565799367,10.320635618417652,22.955474459937697,0.4093018423947264
e0753cc6-f1bf-49ed-9042-a9ba52f583e4,2023-2024,7,7,B,active,-0.6023728911145231,-0.1269666534477456,12.497125175488232,19.755669065976164,0.5203065688763471
e0753cc6-f1bf-49ed-9042-a9ba52f583e4,2024-2025,8,7,B,active,-0.18654699122089308,-0.6197685852681216,10.494905903938523,22.965525886683285,0.4652615973577784
c044a09a-bab9-4b3a-9c8f-56fad20a7608,2023-2024,7,7,B,active,-0.11151707370795191,-1.039133969502493,10.81409586445959,27.675936252750525,0.5011452202958732
c044a09a-bab9-4b3a-9c8f-56fad20a7608,2024-2025,8,7,B,active,0.1687939972088009,-0.6828425243671399,15.289910938858295,19.79086293119595,0.36460735737871114
f7f57769-db69-493f-be09-1af4091b7df7,2023-2024,7,7,B,active,-0.8536375928661862,-0.21134943191536282,9.891175745321245,25.673775405779057,0.6016490589770996
f7f57769-db69-493f-be09-1af4091b7df7,2024-2025,8,7,B,active,-0.3810581847493227,0.28383382892744713,12.530771840352845,22.537534430646264,0.5358034283111158
2fad8742-c959-4aae-a000-e36de8c3122e,2023-2024,7,7,B,active,-0.2773409313624295,0.9658508413768461,11.086215925001753,25.791740550050328,0.26990061940156174
2fad8742-c959-4aae-a000-e36de8c3122e,2024-2025,8,7,B,active,-0.4010792341295607,0.39549575315418295,13.352482874745725,22.61847659032457,0.4397911455067604
48ddfb5c-118d-42ba-b469-5e40967ff504,2023-2024,7,7,B,active,-1.2244847036629305,1.1761730332645373,10.53699862773891,23.841606657209915,0.36164525086946353
48ddfb5c-118d-42ba-b469-5e40967ff504,2024-2025,8,7,B,active,0.015866409537644628,0.3895621552814199,13.470816158986203,24.021816902340696,0.5089685186285118
fd800397-c64b-4f9e-9653-542e2f591c9c,2023-2024,7,7,B,active,-0.16177003141875654,0.06164903478439099,12.513528441733703,24.328377113267692,0.5575847149883588
fd800397-c64b-4f9e-9653-542e2f591c9c,2024-2025,8,7,B,active,-1.0836909719793222,1.4333892757917814,11.159015043190108,21.646336190096402,0.4680933867091324
2fc51dd6-5c62-49bc-b88c-b9eb1f13e9c7,2023-2024,7,7,B,active,-0.558294933915701,-0.1519438279095442,12.294189624189126,23.415885159197742,0.29761125923590204
2fc51dd6-5c62-49bc-b88c-b9eb1f13e9c7,2024-2025,8,7,B,active,0.698140518990111,0.4864058106572502,11.91965908088769,19.0371913045855,0.5134843192998603
53f1e6a1-4912-4efa-af69-1baf7ba277fb,2023-2024,7,7,B,active,-0.9236902867524269,-0.03250798998689364,9.400950363994527,23.135206919219748,0.4798281391691319
53f1e6a1-4912-4efa-af69-1baf7ba277fb,2024-2025,8,7,B,active,-0.0911363235614809,-0.5370902561300901,12.259013043867625,26.41797585465083,0.5835100494614988
d4dc8336-9679-4b70-8d14-2d21ec799a20,2023-2024,7,7,B,active,0.1119013820429714,-0.8544456924433876,11.959445642711525,27.046781725859013,0.5743570651330695
d4dc8336-9679-4b70-8d14-2d21ec799a20,2024-2025,8,7,B,active,-0.3835677984275947,1.7942701608458833,13.122489477780768,24.123724292507095,0.46152488635300926
52d6c531-d4fd-4242-bcde-843e5fca3d30,2023-2024,7,7,C,active,0.07784551931717325,-0.20646713610958178,8.904350026403534,22.2476040375179,0.39584583911442145
52d6c531-d4fd-4242-bcde-843e5fca3d30,2024-2025,8,7,C,active,0.3860972856608997,-0.1386195268993009,11.363221683023871,22.014214635944224,0.681836599627206
ac7be2a2-265c-4976-8ca0-fd56a3838794,2023-2024,7,7,C,active,0.1716302715134049,-0.16753301939463583,13.352482874745725,23.81604300934602,0.5072464765449166
ac7be2a2-265c-4976-8ca0-fd56a3838794,2024-2025,8,7,C,active,-0.290018050009067,-0.21139803838667603,11.53297215351087,22.30618026451882,0.5011543046668414
abea7f8b-8429-4efb-b1b5-d54a6e66e987,2023-2024,7,7,C,active,0.6974352249446979,-0.1099586258428431,12.460788701391609,26.562730296177325,0.6537905023073536
abea7f8b-8429-4efb-b1b5-d54a6e66e987,2024-2025,8,7,C,active,0.1650029189375072,-0.8467583443358975,15.175802886581044,21.0639197691622,0.4937971833795884
e4839483-52e0-4aba-9674-de2f1be6c57f,2023-2024,7,7,C,active,0.2052414897994485,-0.8204180118392261,14.413968333908056,20.964726565057937,0.504982448954768
e4839483-52e0-4aba-9674-de2f1be6c57f,2024-2025,8,7,C,active,-0.6271480568349029,1.237034401949341,11.44275195045886,25.606427796148896,0.5949147077294428
58150e5b-ecdc-4af3-9d89-2589b5f93289,2023-2024,7,7,C,active,-0.3748996698343681,-0.3483848431765102,11.011955225786965,23.287494845472256,0.7218785135912815
58150e5b-ecdc-4af3-9d89-2589b5f93289,2024-2025,8,7,C,active,0.008602328515810335,-0.4525363923052952,12.464253881853862,23.415539423752033,0.6282864541228486
195e33f4-ce7c-4cc3-b077-4b011441dfab,2023-2024,7,7,C,active,-0.38964967133609585,-0.20056095709519983,12.362496068425475,26.06210906123015,0.6109378707020837
195e33f4-ce7c-4cc3-b077-4b011441dfab,2024-2025,8,7,C,active,-0.04436291699675826,-0.16164322952475008,16.641654646270062,25.044401098042055,0.611109405698529
78a413b1-a302-429c-beae-d74aca75d220,2023-2024,7,7,C,active,0.2988357823038318,0.06237771547261772,12.052068771518618,25.9909557455095,0.6262819231585749
78a413b1-a302-429c-beae-d74aca75d220,2024-2025,8,7,C,active,-0.3277414131467836,-0.6667002728327986,11.149335958149809,23.934578121004098,0.4567513847370652
45d52aac-737c-4408-977b-5eb95f0d0651,2023-2024,7,7,C,active,-0.3257259083775573,-0.38558891543185503,12.378205565002007,25.806266734381225,0.47336549991625476
45d52aac-737c-4408-977b-5eb95f0d0651,2024-2025,8,7,C,active,0.782642214374323,1.159990884617434,16.607885547178427,25.743489641906173,0.4485092447688824
043edbab-e1b9-49ab-baf3-00336ff48c36,2023-2024,7,7,C,active,0.06215579289871779,-0.5143154481734835,13.607174419456502,23.2818887066124,0.5520525560927864
043edbab-e1b9-49ab-baf3-00336ff48c36,2024-2025,8,7,C,active,-0.3752759800168594,-0.21234871666249377,14.01214048501013,21.54925102397241,0.39126479005557663
69b44190-fc1c-4602-92a1-9b7503fe698d,2023-2024,7,7,C,active,0.3594408039378671,-0.32008307489536314,13.822081338337464,24.703682387742674,0.53587601520931
69b44190-fc1c-4602-92a1-9b7503fe698d,2024-2025,8,7,C,active,-0.4422578974801106,0.8706159416111983,12.632028781913796,25.634727865660665,0.6634537394480671
7fd02378-ccb3-4f87-9301-6e2fd5081535,2023-2024,7,7,C,active,-0.06161590825456788,-0.592816547781351,13.69969019616813,22.877936104285887,0.6004298072761508
7fd02378-ccb3-4f87-9301-6e2fd5081535,2024-2025,8,7,C,active,-0.9373853723499012,2.0375143067935406,9.932566156102068,24.088741960595904,0.4082438918053017
3e50eb0e-e429-48f3-8938-ddc2148a6a90,2023-2024,7,7,C,active,-0.09116473722849966,-0.23472169568908807,15.970282794102824,20.772148451026947,0.5602627675607849
3e50eb0e-e429-48f3-8938-ddc2148a6a90,2024-2025,8,7,C,active,-0.2942249541885746,-0.282205350590091,7.294092039278289,19.62305174231772,0.46605125497081423
4d3ed81a-9aa4-4e20-b43b-5b9690ebb257,2023-2024,7,7,C,active,0.21777912719893247,-0.782083359156593,14.239895676580362,20.489691046808886,0.7042955874850055
4d3ed81a-9aa4-4e20-b43b-5b9690ebb257,2024-2025,8,7,C,active,-0.3244790852552402,-0.7368370634038945,7.426109244787583,29.120339339334503,0.4068235389330676
eb9c69b3-a9ba-41a6-87f6-da8751d3e168,2023-2024,7,7,C,active,-0.053181259795953256,0.2236387694695523,13.015925053304983,19.61328819089967,0.6363557815066273
eb9c69b3-a9ba-41a6-87f6-da8751d3e168,2024-2025,8,7,C,active,0.370114854782859,-0.42624984246935327,13.286015904833242,20.91920836888552,0.47742001816825064
6a260288-b13a-45d1-bead-8610f365e54e,2023-2024,7,7,C,active,-0.3793300642528567,-0.010842310992735804,13.409767423344006,23.41890310515517,0.763354242925167
6a260288-b13a-45d1-bead-8610f365e54e,2024-2025,8,7,C,active,-0.19885436486006888,-0.24446685026990878,12.304722988643853,24.39462356367899,0.6932571656189119
b15684a3-0908-41ac-ac20-3bface5f8ed2,2024-2025,7,7,A,active,0.8816910980657411,1.120873209119308,11.685487036809779,22.619741736862373,0.5420317442347655
ea0d18cb-681d-45c4-8f09-26f88a6e9bc4,2024-2025,7,7,A,active,0.2915420201653192,-0.840755662127902,12.840556531466492,20.112000422656852,0.22613723316240578
db489c7e-3be0-4984-a132-687cac789dae,2024-2025,7,7,A,active,-0.3959560167593215,0.4263452402339327,11.624349705375975,23.433528086565463,0.5919149971544129
dc2c09a8-303e-4bf5-ba37-6376127bf50d,2024-2025,7,7,A,active,0.5052603902980112,-0.8579803460269932,11.727909432167474,22.772382129777903,0.45203345332727296
dca86c55-d850-4d26-83f1-abe12e971810,2024-2025,7,7,A,active,-0.16709948918886247,-1.0373290059370435,10.316450445650908,22.381954347526012,0.47975979580409844
3203852c-5864-4b3c-b53b-e622cb8c6988,2024-2025,7,7,A,active,-0.467869765407607,0.5971396899442905,11.563822780592268,25.711710134686996,0.6378745832386185
fd761f52-218e-4803-a6f9-0c7bc6d5ca9d,2024-2025,7,7,A,active,0.7813858273790129,0.9276143727638533,10.891688569365071,25.30344457143296,0.5783283720432237
717ee598-df2a-43dc-a7cc-2f3506e633b6,2024-2025,7,7,A,active,0.03362332280605766,-1.109000414604748,12.20694256125002,20.761384192928062,0.3334387862129101
c5bf30b5-42b8-4af0-a2c0-60d8da2ff309,2024-2025,7,7,A,active,0.4640031355245533,-0.54172136331557,10.849976834120184,23.344627935498625,0.5038088621421928
ce31426c-217d-4592-98de-4a4eef5979e9,2024-2025,7,7,A,active,0.22598832128779933,-0.23276399736015962,13.50923111195331,23.80267754988602,0.5665469039094372
65393fd9-5f1f-4e29-a55d-bd677ccda9c4,2024-2025,7,7,A,active,0.3959972116155486,0.06270113180793668,12.863237850137258,25.64203304677225,0.3272649745668276
1fba1252-d7f3-4b7f-bdb3-14b092c6a51e,2024-2025,7,7,A,active,-0.06246334440579739,-0.2269559311481224,12.90848092891018,19.08383325825344,0.45191570777903867
73abf70f-2fef-4983-b956-49fc2826748e,2024-2025,7,7,A,active,-0.43703693992731274,-0.8466773683732423,13.689441541443506,26.345116644570815,0.33135492003048905
b6274717-b47b-4b25-b3dd-551014f48c65,2024-2025,7,7,A,active,-0.3278577630563828,-0.2748735512371878,14.620710727807825,21.00576991505569,0.6154553811392721
ec8f5711-3e9d-4869-a44e-75823632927c,2024-2025,7,7,A,active,0.5566736646234712,-0.19258609222651746,15.014882405707345,21.843875501872667,0.6932262808007416
dc8f768e-5757-4778-a015-cd2c5cb73950,2024-2025,7,7,B,active,-0.9959031587672946,1.5560894160664924,9.648057848236345,23.580227523772663,0.2019220243290864
6db58429-db35-4162-9636-91d512260341,2024-2025,7,7,B,active,-0.043116121713760794,-0.6402965488155039,12.845600285454054,19.519708542396636,0.6204195513203279
6ce6b271-1775-4587-ae4f-a2cd1a20704d,2024-2025,7,7,B,active,0.05235784943347778,-0.2768727687042163,11.711327665192854,20.446991559507747,0.4634487232375445
355d490e-709c-4419-9638-0c36229ee10a,2024-2025,7,7,B,active,0.5069939487132947,0.5202423757065522,10.952972716848718,19.010837213441157,0.6378591628327007
9dfd8c65-18d0-4842-8cb2-98d06fdde2bb,2024-2025,7,7,B,active,0.20150306884466807,-0.6852083464092793,11.274515947549675,23.35636089753118,0.5672400721827856
d1bf0139-9002-48a7-a166-4d4b2922ea8b,2024-2025,7,7,B,active,0.10787798046108397,-0.9523157126843764,7.804632002968134,23.52565869354699,0.5992360202648257
e99ceae8-8157-42d3-99ed-a1cfc7c4251a,2024-2025,7,7,B,active,-0.09275386944627052,-0.0050045780664751405,16.01888224546463,23.022143156671806,0.6275169591104349
300f3c61-c146-4dc2-8e33-6db0090d5a38,2024-2025,7,7,B,active,-0.3258122761865419,-0.5668396016809689,13.684708804381946,23.617407976792975,0.540233643727413
d913aff6-754c-498d-95e5-403184e228d7,2024-2025,7,7,B,active,-0.1889234391738062,-0.4017148138830122,12.091419649892131,23.065749032680305,0.6691237966725025
2dc52a53-ff6f-4b33-bb9e-da403bac8c3c,2024-2025,7,7,B,active,0.5277867687652491,-0.07678502812858223,14.681136280381397,22.834499934926047,0.49373465516876847
c959f594-c788-4408-82f8-6b0890686b28,2024-2025,7,7,B,active,-0.49541235722986915,-0.3107288774749608,13.657068483688258,18.59761415560395,0.41457382758977007
e7c60af5-d3c2-4ade-b55e-fe8efe8513af,2024-2025,7,7,B,active,-0.056061235205270385,-0.9382271437921483,15.332922602021057,21.065855950757513,0.47161296329321933
a6c6fa4f-b5d3-41b4-ae91-39cb929b8c6d,2024-2025,7,7,B,active,-0.1399143019913159,-0.6995717133548132,13.417816021045635,22.530036188805028,0.41528944032218834
5efdd789-461c-481c-8057-499baf9356e0,2024-2025,7,7,B,active,-0.22177631388454674,-0.7060190572005474,11.38600130164342,22.64403156410997,0.5723770757465227
74df4f54-4f69-4bcb-9f96-8a89ab3aeb4c,2024-2025,7,7,B,active,0.8287541349445485,1.4196862299997282,8.820293127226691,22.478687017682972,0.5331206100400939
2d54a659-9b9b-464f-ab6c-5a300ee1a07d,2024-2025,7,7,C,active,-0.2119496712102552,0.10678817216585346,11.627135649024213,23.02239785375732,0.32760137159805836
76810c09-44be-4da9-8017-b1cdba240d9f,2024-2025,7,7,C,active,-0.11350766362943103,-0.3483467908950475,15.212041540413317,24.36199746387401,0.43942556031249475
f926d5f4-c0e9-446c-b806-b5df7fc51128,2024-2025,7,7,C,active,-0.7258063043292092,0.23511769516032466,10.207033641684697,20.75713055956249,0.5058193599576128
876002a2-3b89-47fd-b916-65f6c92adc73,2024-2025,7,7,C,active,-0.08948360037268192,-0.6013870620775918,14.738384341896051,23.276543604029705,0.523192103427867
82284926-4f82-4c03-8e3d-6b3691a185b7,2024-2025,7,7,C,active,-0.5713392164044492,0.6817614386254833,11.661440896333412,23.015617436136196,0.4371150348678017
474c18dd-b149-4650-9c6a-8e35441986a7,2024-2025,7,7,C,active,-0.3134382504738257,0.2566380147398557,12.531633387456912,21.011844235030775,0.6823841686712059
c93144e3-8cb8-4ac2-8968-0e88ccb8a735,2024-2025,7,7,C,active,-0.439135804890074,0.5612473502729092,13.973562854168803,25.624606275336635,0.6314126598486086
b1a5a700-5f9c-47bb-860d-70b5561c97c3,2024-2025,7,7,C,active,-0.2996403537200216,0.3529986418410527,9.216543243848097,21.777529946644226,0.5661845333355942
f4068980-c35b-4859-9fee-6b792aaa48d5,2024-2025,7,7,C,active,0.16062818105006701,-0.6937258365042589,11.92418696674175,23.6837087081978,0.5243282637773442
acf56a66-6c8b-437c-97e1-1e428cb0e354,2024-2025,7,7,C,active,-0.3405756226708375,0.3058550796786461,13.532387301318069,17.784014083057706,0.511887694527546
c49465bb-1140-4e1f-8275-07d26325a4f9,2024-2025,7,7,C,active,0.06408920488876563,-0.16310790828403743,12.28364722726026,24.4600417923635,0.32900649435982143
72c04a50-f203-4b88-8914-e7d8f3acf94d,2024-2025,7,7,C,active,0.2662430069370719,-0.82008529468711,13.15453668350295,23.075925386102334,0.5340319317558502
0d399ff3-89d2-401a-9d72-6cd4d853ce40,2024-2025,7,7,C,active,0.05362454786102156,-0.049486791894007176,9.483275996022378,20.76802337512542,0.48444816831592336
379425ea-046b-446c-89e5-742aad9cd13b,2024-2025,7,7,C,active,-0.2380667073161866,0.31320253765120976,12.103021560923683,24.284654446127924,0.56319648717164
fdce04ca-7ef6-4765-9199-2703ef2e78b8,2024-2025,7,7,C,active,0.23567147499720473,0.401838574010708,11.459722342506447,23.62710492365969,0.4617648553059462
