student_id,academic_year,cohort,start_cohort,sub_cohort,status,who5_mean,who5_sd,engagement_mean,engagement_sd,dynamic_flag_count,static_flag_count,total_flag_count
30d7ca8c-87c5-490c-ac6a-fd4167ed38e3,2019-2020,7,7,A,active,40.1025641025641,12.863237850137255,51.181295452280544,24.42572870728326,1.0,0.0,1.0
30d7ca8c-87c5-490c-ac6a-fd4167ed38e3,2020-2021,8,7,A,active,41.84615384615385,12.610643920156164,65.62426004112497,21.894439399365123,1.0,0.0,1.0
30d7ca8c-87c5-490c-ac6a-fd4167ed38e3,2021-2022,9,7,A,active,86.56410256410257,10.072878833243445,41.58369334042204,20.085164515515498,1.0,0.0,1.0
30d7ca8c-87c5-490c-ac6a-fd4167ed38e3,2022-2023,10,7,A,active,56.41025641025641,12.642280666827462,45.9825973482853,28.52810317006562,3.0,0.0,3.0
30d7ca8c-87c5-490c-ac6a-fd4167ed38e3,2023-2024,11,7,A,active,78.05128205128206,10.891688569365071,40.452614756743635,18.840268519293325,2.0,0.0,2.0
30d7ca8c-87c5-490c-ac6a-fd4167ed38e3,2024-2025,12,7,A,active,73.84615384615384,13.76023726374861,60.53063039176332,25.024906401336573,5.0,0.0,5.0
eac1ea9a-0742-44fa-b3b3-6b7346f3d161,2019-2020,7,7,A,active,40.1025641025641,13.345203892656425,41.17329890331415,24.89043578776746,0.0,1.0,1.0
eac1ea9a-0742-44fa-b3b3-6b7346f3d161,2020-2021,8,7,A,active,78.97435897435898,8.545504141104901,43.12695644460114,20.281526093922505,0.0,1.0,1.0
eac1ea9a-0742-44fa-b3b3-6b7346f3d161,2021-2022,9,7,A,active,73.02564102564102,12.198980068425865,51.39505827183242,27.180685125645468,1.0,1.0,2.0
eac1ea9a-0742-44fa-b3b3-6b7346f3d161,2022-2023,10,7,A,active,64.3076923076923,12.08338103206184,50.06913163339152,23.264592350118015,3.0,1.0,4.0
eac1ea9a-0742-44fa-b3b3-6b7346f3d161,2023-2024,11,7,A,active,47.8974358974359,12.05206877151862,45.51659528206998,21.865203267768,1.0,1.0,2.0
eac1ea9a-0742-44fa-b3b3-6b7346f3d161,2024-2025,12,7,A,active,59.48717948717949,12.885879245927331,47.419349512543505,21.239536693829773,1.0,1.0,2.0
4ba2bca0-bf43-485b-aa16-6f6ad5b7e509,2019-2020,7,7,A,active,44.30769230769231,13.623033602484176,52.87714500417453,20.66310532050706,3.0,0.0,3.0
4ba2bca0-bf43-485b-aa16-6f6ad5b7e509,2020-2021,8,7,A,active,35.48717948717949,13.739822635168325,50.55732505216109,21.75203325810192,2.0,0.0,2.0
4ba2bca0-bf43-485b-aa16-6f6ad5b7e509,2021-2022,9,7,A,active,88.0,8.360307221753594,50.45840735476512,30.666132137293346,3.0,0.0,3.0
4ba2bca0-bf43-485b-aa16-6f6ad5b7e509,2022-2023,10,7,A,active,58.46153846153846,10.958885253158863,59.71378291003243,22.967800536079498,3.0,0.0,3.0
4ba2bca0-bf43-485b-aa16-6f6ad5b7e509,2023-2024,11,7,A,active,86.87179487179488,7.619847654159798,58.13968851350288,22.95271407863951,1.0,0.0,1.0
4ba2bca0-bf43-485b-aa16-6f6ad5b7e509,2024-2025,12,7,A,active,67.17948717948718,11.794003371186909,48.04235011579441,22.940423154807064,,,
b2b56eeb-6544-449d-8501-38c81fd1a64c,2019-2020,7,7,A,active,77.02564102564102,11.95493111095778,50.761322973857354,20.89624439964995,2.0,2.0,4.0
b2b56eeb-6544-449d-8501-38c81fd1a64c,2020-2021,8,7,A,active,31.28205128205128,11.196683526710082,55.50723871145792,20.10861220515714,0.0,2.0,2.0
b2b56eeb-6544-449d-8501-38c81fd1a64c,2021-2022,9,7,A,active,51.58974358974359,10.96577918300466,48.94329893180083,24.330890614724915,1.0,2.0,3.0
b2b56eeb-6544-449d-8501-38c81fd1a64c,2022-2023,10,7,A,active,52.92307692307692,14.021383322746754,55.40738253175626,21.38402509648701,0.0,2.0,2.0
b2b56eeb-6544-449d-8501-38c81fd1a64c,2023-2024,11,7,A,active,62.97435897435897,13.446751083806507,47.91478190685431,21.96644932582394,0.0,2.0,2.0
b2b56eeb-6544-449d-8501-38c81fd1a64c,2024-2025,12,7,A,active,43.48717948717949,12.72145265387689,47.40256348456895,19.602054187090026,0.0,2.0,2.0
cb89fc48-9013-42a3-9477-eed170e1a12e,2019-2020,7,7,A,active,84.0,11.424811411549586,56.616669437639324,25.638686388675936,1.0,0.0,1.0
cb89fc48-9013-42a3-9477-eed170e1a12e,2020-2021,8,7,A,active,81.23076923076923,8.566954683585482,55.66293256964155,19.57558931286247,1.0,0.0,1.0
cb89fc48-9013-42a3-9477-eed170e1a12e,2021-2022,9,7,A,active,73.64102564102564,12.23344677402936,58.06013606560418,24.02968988097755,3.0,0.0,3.0
cb89fc48-9013-42a3-9477-eed170e1a12e,2022-2023,10,7,A,active,69.33333333333333,12.046692783396773,58.73213970987813,23.460086904912504,4.0,0.0,4.0
cb89fc48-9013-42a3-9477-eed170e1a12e,2023-2024,11,7,A,active,84.41025641025641,8.248502092781992,60.7827904344655,20.464957620978403,1.0,0.0,1.0
cb89fc48-9013-42a3-9477-eed170e1a12e,2024-2025,12,7,A,active,54.35897435897436,11.70579518980411,39.5648090996503,22.735144943259343,3.0,0.0,3.0
354a839f-d05b-4578-8c90-4851b6d266bd,2019-2020,7,7,A,active,67.28205128205128,12.678096980617104,60.6085845665753,24.64992040900388,2.0,0.0,2.0
354a839f-d05b-4578-8c90-4851b6d266bd,2020-2021,8,7,A,active,81.43589743589743,11.442751950458861,61.58892554664606,22.936574205237587,2.0,0.0,2.0
354a839f-d05b-4578-8c90-4851b6d266bd,2021-2022,9,7,A,active,49.64102564102564,12.936051580730702,46.82516207999915,24.43962883827017,2.0,0.0,2.0
354a839f-d05b-4578-8c90-4851b6d266bd,2022-2023,10,7,A,active,39.282051282051285,14.033697636963751,50.298891807153126,29.068002873687664,4.0,0.0,4.0
354a839f-d05b-4578-8c90-4851b6d266bd,2023-2024,11,7,A,active,37.53846153846154,11.149335958149809,51.31805044679035,23.38753608881798,2.0,0.0,2.0
354a839f-d05b-4578-8c90-4851b6d266bd,2024-2025,12,7,A,active,42.05128205128205,11.045238836017509,57.05480967797304,21.762120479605098,2.0,0.0,2.0
acd1a447-c14e-4f08-837f-fe349cab58aa,2019-2020,7,7,A,active,70.05128205128206,11.889731788282733,46.58693648001652,19.957834640558957,2.0,1.0,3.0
acd1a447-c14e-4f08-837f-fe349cab58aa,2020-2021,8,7,A,active,74.76923076923077,13.36622124780763,58.44325784272396,19.81650332715947,1.0,1.0,2.0
acd1a447-c14e-4f08-837f-fe349cab58aa,2021-2022,9,7,A,active,52.92307692307692,13.625410887835573,52.33805741822193,23.928687013300564,2.0,1.0,3.0
acd1a447-c14e-4f08-837f-fe349cab58aa,2022-2023,10,7,A,active,78.46153846153847,10.52777317846305,46.13203318443668,23.04264568500402,0.0,1.0,1.0
acd1a447-c14e-4f08-837f-fe349cab58aa,2023-2024,11,7,A,active,82.56410256410257,10.401909925319815,64.26530158165136,22.57563909765472,5.0,1.0,6.0
acd1a447-c14e-4f08-837f-fe349cab58aa,2024-2025,12,7,A,active,38.256410256410255,13.511628420146202,45.62339301521618,20.828534653716122,1.0,1.0,2.0
fe4ab165-3b16-4bd6-a51d-caaeb37ede92,2019-2020,7,7,A,active,51.8974358974359,12.830463075276974,57.181789289802126,22.30168775576837,4.0,0.0,4.0
fe4ab165-3b16-4bd6-a51d-caaeb37ede92,2020-2021,8,7,A,active,28.0,11.679942321414902,56.58667570442732,28.72199397875903,1.0,0.0,1.0
fe4ab165-3b16-4bd6-a51d-caaeb37ede92,2021-2022,9,7,A,active,86.25641025641026,9.483275996022375,67.43785891941373,20.503457684043212,1.0,0.0,1.0
fe4ab165-3b16-4bd6-a51d-caaeb37ede92,2022-2023,10,7,A,active,52.82051282051282,16.471461435930863,58.99000284860765,23.811388319101482,2.0,0.0,2.0
fe4ab165-3b16-4bd6-a51d-caaeb37ede92,2023-2024,11,7,A,active,72.0,11.126071799346368,53.306095287154854,23.090006176707373,2.0,0.0,2.0
fe4ab165-3b16-4bd6-a51d-caaeb37ede92,2024-2025,12,7,A,active,61.64102564102564,11.340396306746168,57.065643506799624,21.684597568928854,2.0,0.0,2.0
8c0e1e01-8cb0-418d-b2bc-1ae4b13d70d8,2019-2020,7,7,A,active,31.384615384615383,15.065847373613614,59.67790734744963,21.356481218388485,3.0,1.0,4.0
8c0e1e01-8cb0-418d-b2bc-1ae4b13d70d8,2020-2021,8,7,A,active,74.76923076923077,10.902586700463957,41.036420074752336,23.625559935928038,0.0,1.0,1.0
8c0e1e01-8cb0-418d-b2bc-1ae4b13d70d8,2021-2022,9,7,A,active,58.97435897435897,13.57142349801535,44.86110335189654,21.345798706080075,3.0,1.0,4.0
8c0e1e01-8cb0-418d-b2bc-1ae4b13d70d8,2022-2023,10,7,A,active,82.05128205128206,9.575046290801165,50.162822973567586,28.66858731465061,2.0,1.0,3.0
8c0e1e01-8cb0-418d-b2bc-1ae4b13d70d8,2023-2024,11,7,A,active,42.87179487179487,10.778095445416103,49.869798456216344,23.36010801470362,2.0,1.0,3.0
8c0e1e01-8cb0-418d-b2bc-1ae4b13d70d8,2024-2025,12,7,A,active,87.6923076923077,8.379655331920363,50.02013627258104,20.5871718169972,2.0,1.0,3.0
0565ea1d-08d5-41b8-826c-73b31153a0f1,2019-2020,7,7,A,active,88.2051282051282,6.864015577746891,51.808153075818005,22.07492224585704,,,
0565ea1d-08d5-41b8-826c-73b31153a0f1,2020-2021,8,7,A,active,51.282051282051285,14.212575450799527,60.51191064649034,25.01568249332102,2.0,0.0,2.0
0565ea1d-08d5-41b8-826c-73b31153a0f1,2021-2022,9,7,A,active,61.64102564102564,9.699395476244298,51.886388794757956,21.084265131327694,2.0,0.0,2.0
0565ea1d-08d5-41b8-826c-73b31153a0f1,2022-2023,10,7,A,active,46.97435897435897,12.672986561740768,51.40366113009312,21.843794338891115,1.0,0.0,1.0
0565ea1d-08d5-41b8-826c-73b31153a0f1,2023-2024,11,7,A,active,50.35897435897436,15.265177399088456,59.26924442437312,24.760662438723585,1.0,0.0,1.0
0565ea1d-08d5-41b8-826c-73b31153a0f1,2024-2025,12,7,A,active,19.58974358974359,9.483275996022373,47.414648101296486,21.996984372424485,2.0,0.0,2.0
247f6ec8-a1a3-4e95-bbd7-8e7443f67dcf,2019-2020,7,7,A,active,42.46153846153846,14.055989833605784,41.4282678199417,25.1302617724728,3.0,0.0,3.0
247f6ec8-a1a3-4e95-bbd7-8e7443f67dcf,2020-2021,8,7,A,active,36.717948717948715,11.747225244485156,58.160064274218826,21.65465943973614,2.0,0.0,2.0
247f6ec8-a1a3-4e95-bbd7-8e7443f67dcf,2021-2022,9,7,A,active,83.6923076923077,10.988400214374023,36.95592067255293,24.716312720088556,,,
247f6ec8-a1a3-4e95-bbd7-8e7443f67dcf,2022-2023,10,7,A,active,27.28205128205128,11.420085532790388,62.50252922655007,25.387896364282195,,,
247f6ec8-a1a3-4e95-bbd7-8e7443f67dcf,2023-2024,11,7,A,active,71.48717948717949,13.554707465192175,52.526387509154446,25.811346131176542,3.0,0.0,3.0
247f6ec8-a1a3-4e95-bbd7-8e7443f67dcf,2024-2025,12,7,A,active,60.61538461538461,14.726659292830997,53.81589658003058,20.070634238280515,1.0,0.0,1.0
0b8dca40-6354-4d3a-9c93-fb1d42e8a06d,2019-2020,7,7,A,active,43.48717948717949,12.352011970933905,43.14570324951983,20.55171614802469,3.0,0.0,3.0
0b8dca40-6354-4d3a-9c93-fb1d42e8a06d,2020-2021,8,7,A,active,38.256410256410255,13.8805391005536,45.85367417274901,21.92379643714663,,,
0b8dca40-6354-4d3a-9c93-fb1d42e8a06d,2021-2022,9,7,A,active,82.56410256410257,11.06867289100871,47.95175517063125,21.75350910907566,1.0,0.0,1.0
0b8dca40-6354-4d3a-9c93-fb1d42e8a06d,2022-2023,10,7,A,active,65.64102564102564,12.060128260396734,54.15001094606785,25.20997286284857,1.0,0.0,1.0
0b8dca40-6354-4d3a-9c93-fb1d42e8a06d,2023-2024,11,7,A,active,68.3076923076923,9.942343910223071,41.530458956399904,23.700161989468224,,,
0b8dca40-6354-4d3a-9c93-fb1d42e8a06d,2024-2025,12,7,A,active,82.46153846153847,9.90971387830131,47.78272337347488,20.30086245606456,1.0,0.0,1.0
f628b27f-2ad8-48fa-a9c2-b19d2fd3827b,2019-2020,7,7,A,active,75.48717948717949,12.111047142505441,39.73854565023262,23.781755393747453,2.0,1.0,3.0
f628b27f-2ad8-48fa-a9c2-b19d2fd3827b,2020-2021,8,7,A,active,69.12820512820512,13.137290210012043,47.21583715474951,21.1383733624627,2.0,1.0,3.0
f628b27f-2ad8-48fa-a9c2-b19d2fd3827b,2021-2022,9,7,A,active,79.58974358974359,10.693623158140232,51.92156517475129,20.682871923823974,3.0,1.0,4.0
f628b27f-2ad8-48fa-a9c2-b19d2fd3827b,2022-2023,10,7,A,active,58.76923076923077,11.89971591536524,52.58129021416589,17.80393321034633,2.0,1.0,3.0
f628b27f-2ad8-48fa-a9c2-b19d2fd3827b,2023-2024,11,7,A,active,40.0,10.780098622730195,53.19754713131197,23.61598511250254,1.0,1.0,2.0
f628b27f-2ad8-48fa-a9c2-b19d2fd3827b,2024-2025,12,7,A,active,38.256410256410255,13.068076709290168,41.204595748264964,23.736004045474946,0.0,1.0,1.0
696b60ac-df8d-4081-98cb-9761056e89f6,2019-2020,7,7,A,active,77.12820512820512,10.541096235759918,54.02570465805189,23.1091703495621,1.0,1.0,2.0
696b60ac-df8d-4081-98cb-9761056e89f6,2020-2021,8,7,A,active,36.205128205128204,14.681136280381397,45.08752833246745,19.99403860964638,1.0,1.0,2.0
696b60ac-df8d-4081-98cb-9761056e89f6,2021-2022,9,7,A,active,25.743589743589745,12.201634810048478,62.622695424954294,21.32185129029184,1.0,1.0,2.0
696b60ac-df8d-4081-98cb-9761056e89f6,2022-2023,10,7,A,active,79.6923076923077,11.328013358028674,61.76381162615068,19.93770056189269,3.0,1.0,4.0
696b60ac-df8d-4081-98cb-9761056e89f6,2023-2024,11,7,A,active,55.07692307692308,16.11698126263857,48.5431446660945,25.80531098170992,1.0,1.0,2.0
696b60ac-df8d-4081-98cb-9761056e89f6,2024-2025,12,7,A,active,52.1025641025641,13.595267891506786,57.76295952830604,19.790314389902683,3.0,1.0,4.0
6c93312a-0517-42a4-bb0c-e708d1a92c2b,2019-2020,7,7,A,active,67.07692307692308,17.006785975920593,52.68183266060986,20.804828727654805,2.0,3.0,5.0
6c93312a-0517-42a4-bb0c-e708d1a92c2b,2020-2021,8,7,A,active,54.35897435897436,10.808104121900913,45.70808159377436,26.260065705251314,2.0,3.0,5.0
6c93312a-0517-42a4-bb0c-e708d1a92c2b,2021-2022,9,7,A,active,70.87179487179488,11.124130923309037,59.00577411856482,25.733389033775456,2.0,3.0,5.0
6c93312a-0517-42a4-bb0c-e708d1a92c2b,2022-2023,10,7,A,active,85.23076923076923,9.365281737582244,53.131440923841815,23.638801983131764,1.0,3.0,4.0
6c93312a-0517-42a4-bb0c-e708d1a92c2b,2023-2024,11,7,A,active,71.28205128205128,13.576195727019906,50.54708517938224,22.76765634769114,0.0,3.0,3.0
6c93312a-0517-42a4-bb0c-e708d1a92c2b,2024-2025,12,7,A,active,42.256410256410255,12.44084518350309,50.35729198798631,27.269369005762854,1.0,3.0,4.0
baa42367-c613-4e21-bd73-b945a6850ba0,2019-2020,7,7,B,active,28.923076923076923,12.429558605417416,43.73450373860264,20.94032530282117,4.0,1.0,5.0
baa42367-c613-4e21-bd73-b945a6850ba0,2020-2021,8,7,B,active,40.205128205128204,11.892455563307191,61.441887612844845,22.195002503670683,1.0,1.0,2.0
baa42367-c613-4e21-bd73-b945a6850ba0,2021-2022,9,7,B,active,86.97435897435898,8.24457454612994,53.29028623580158,24.389008547346116,3.0,1.0,4.0
baa42367-c613-4e21-bd73-b945a6850ba0,2022-2023,10,7,B,active,47.282051282051285,11.889731788282733,41.73068953834781,20.61911223985144,5.0,1.0,6.0
baa42367-c613-4e21-bd73-b945a6850ba0,2023-2024,11,7,B,active,28.512820512820515,12.82036167252332,52.798624820609426,23.18152110795492,4.0,1.0,5.0
baa42367-c613-4e21-bd73-b945a6850ba0,2024-2025,12,7,B,active,61.84615384615385,11.195719251332443,35.98173525662771,28.547426525888962,3.0,1.0,4.0
c2882cc9-a299-4256-9cb6-0e5141bbd88f,2019-2020,7,7,B,active,87.6923076923077,6.383176268226897,55.30906067562482,18.520744929456704,1.0,1.0,2.0
c2882cc9-a299-4256-9cb6-0e5141bbd88f,2020-2021,8,7,B,active,63.794871794871796,12.241386847772404,55.89226488259537,26.897585702117784,2.0,1.0,3.0
c2882cc9-a299-4256-9cb6-0e5141bbd88f,2021-2022,9,7,B,active,55.794871794871796,12.378205565002009,45.012026927117,20.626752262772165,2.0,1.0,3.0
c2882cc9-a299-4256-9cb6-0e5141bbd88f,2022-2023,10,7,B,active,56.0,13.947269115833166,52.23711058753845,18.241517173369566,1.0,1.0,2.0
c2882cc9-a299-4256-9cb6-0e5141bbd88f,2023-2024,11,7,B,active,53.23076923076923,11.757330386348988,43.3744404673169,21.88327011734232,2.0,1.0,3.0
c2882cc9-a299-4256-9cb6-0e5141bbd88f,2024-2025,12,7,B,active,40.41025641025641,11.780264380729832,46.74191441765402,22.22094144519373,0.0,1.0,1.0
beae2e38-0c59-4063-a3ff-bcae1e0c94d2,2019-2020,7,7,B,active,69.84615384615384,12.610643920156164,52.348796535780096,26.584719856599364,5.0,1.0,6.0
beae2e38-0c59-4063-a3ff-bcae1e0c94d2,2020-2021,8,7,B,active,32.0,11.607620001760186,46.02703849435828,24.482904620010668,0.0,1.0,1.0
beae2e38-0c59-4063-a3ff-bcae1e0c94d2,2021-2022,9,7,B,active,65.33333333333333,11.870647863606871,50.39803990741684,26.187644367984706,2.0,1.0,3.0
beae2e38-0c59-4063-a3ff-bcae1e0c94d2,2022-2023,10,7,B,active,87.8974358974359,6.584650699263327,46.28920433724739,28.176003330585694,0.0,1.0,1.0
beae2e38-0c59-4063-a3ff-bcae1e0c94d2,2023-2024,11,7,B,active,53.02564102564103,11.919659080887687,52.91516741692673,19.577761741362583,3.0,1.0,4.0
beae2e38-0c59-4063-a3ff-bcae1e0c94d2,2024-2025,12,7,B,active,78.66666666666667,11.024693177096713,46.702610622751564,21.506950907127987,1.0,1.0,2.0
4170287a-1dba-4c06-b9a6-a4715d9aff04,2019-2020,7,7,B,active,51.17948717948718,14.887069265273198,45.17952624537518,21.141653422768567,1.0,0.0,1.0
4170287a-1dba-4c06-b9a6-a4715d9aff04,2020-2021,8,7,B,active,61.53846153846154,12.298579622409449,45.54726023796478,22.975781852939814,3.0,0.0,3.0
4170287a-1dba-4c06-b9a6-a4715d9aff04,2021-2022,9,7,B,active,45.64102564102564,15.484265663275872,54.99691570253093,19.88689851015055,4.0,0.0,4.0
4170287a-1dba-4c06-b9a6-a4715d9aff04,2022-2023,10,7,B,active,68.71794871794872,13.388818425813614,55.636621734182555,26.56289878181012,4.0,0.0,4.0
4170287a-1dba-4c06-b9a6-a4715d9aff04,2023-2024,11,7,B,active,61.94871794871795,11.818693306410195,52.53535006843668,22.943512128220664,1.0,0.0,1.0
4170287a-1dba-4c06-b9a6-a4715d9aff04,2024-2025,12,7,B,active,66.05128205128206,12.64484233934036,50.61232609850073,24.151732129301934,5.0,0.0,5.0
23beb5c2-c86a-428a-85a3-9cb9fbe9c389,2019-2020,7,7,B,active,53.64102564102564,14.930518338883825,38.807179714697,24.955646920844668,4.0,0.0,4.0
23beb5c2-c86a-428a-85a3-9cb9fbe9c389,2020-2021,8,7,B,active,62.666666666666664,13.020900877017798,48.73451432123068,19.220193663840057,5.0,0.0,5.0
23beb5c2-c86a-428a-85a3-9cb9fbe9c389,2021-2022,9,7,B,active,84.61538461538461,9.155428026486698,52.09509684239474,28.15668555343771,3.0,0.0,3.0
23beb5c2-c86a-428a-85a3-9cb9fbe9c389,2022-2023,10,7,B,active,86.46153846153847,6.719359907822336,55.61146269554191,25.13024133688781,2.0,0.0,2.0
23beb5c2-c86a-428a-85a3-9cb9fbe9c389,2023-2024,11,7,B,active,85.94871794871794,8.602168386207593,50.3165646660823,26.829348387786723,1.0,0.0,1.0
23beb5c2-c86a-428a-85a3-9cb9fbe9c389,2024-2025,12,7,B,active,48.61538461538461,14.173019929680672,53.769881559049935,28.349657661551507,3.0,0.0,3.0
a2b8594d-fd49-436d-a030-0f6154787662,2019-2020,7,7,B,active,59.38461538461539,12.962730756440465,43.19720060986313,23.377319922922382,2.0,1.0,3.0
a2b8594d-fd49-436d-a030-0f6154787662,2020-2021,8,7,B,active,54.256410256410255,13.354908320475776,44.41793177454501,25.533513679511024,4.0,1.0,5.0
a2b8594d-fd49-436d-a030-0f6154787662,2021-2022,9,7,B,active,87.7948717948718,7.783854704584242,54.53730270456938,20.93235154844048,1.0,1.0,2.0
a2b8594d-fd49-436d-a030-0f6154787662,2022-2023,10,7,B,active,69.74358974358974,11.600176833311748,54.003355526797364,23.316529931022096,2.0,1.0,3.0
a2b8594d-fd49-436d-a030-0f6154787662,2023-2024,11,7,B,active,73.23076923076923,12.852322211756826,55.3521754384344,23.78454866174843,2.0,1.0,3.0
a2b8594d-fd49-436d-a030-0f6154787662,2024-2025,12,7,B,active,75.17948717948718,11.75824860497559,48.009142411123044,22.45858108132658,1.0,1.0,2.0
35e0c7e6-0068-452f-9972-3a2a509028dc,2019-2020,7,7,B,active,68.82051282051282,13.55470746519218,48.35393938908535,24.47340934302127,,,
35e0c7e6-0068-452f-9972-3a2a509028dc,2020-2021,8,7,B,active,41.02564102564103,12.539384647638435,44.09299676860218,20.160531945985884,3.0,0.0,3.0
35e0c7e6-0068-452f-9972-3a2a509028dc,2021-2022,9,7,B,active,52.82051282051282,14.91532556038251,49.460925798363576,24.496237533348737,2.0,0.0,2.0
35e0c7e6-0068-452f-9972-3a2a509028dc,2022-2023,10,7,B,active,73.64102564102564,9.998650381261145,48.66942592962979,24.45560302241496,1.0,0.0,1.0
35e0c7e6-0068-452f-9972-3a2a509028dc,2023-2024,11,7,B,active,80.1025641025641,13.626203224119081,60.90396119598198,23.71967756699766,1.0,0.0,1.0
35e0c7e6-0068-452f-9972-3a2a509028dc,2024-2025,12,7,B,active,65.43589743589743,11.840596695034714,48.508253988746,20.97454550254119,2.0,0.0,2.0
f01d2976-14b0-47d4-ac0a-947335be7d1b,2019-2020,7,7,B,active,69.64102564102564,11.340396306746165,50.7055386721793,22.05749262473088,3.0,1.0,4.0
f01d2976-14b0-47d4-ac0a-947335be7d1b,2020-2021,8,7,B,active,83.7948717948718,10.257678733975181,47.28067365766532,22.03127901355764,2.0,1.0,3.0
f01d2976-14b0-47d4-ac0a-947335be7d1b,2021-2022,9,7,B,active,68.51282051282051,13.492438028044479,44.63041834928547,24.26028619544078,3.0,1.0,4.0
f01d2976-14b0-47d4-ac0a-947335be7d1b,2022-2023,10,7,B,active,40.30769230769231,12.083381032061846,44.29045195462925,27.32066113557867,1.0,1.0,2.0
f01d2976-14b0-47d4-ac0a-947335be7d1b,2023-2024,11,7,B,active,34.256410256410255,13.78923674220309,55.2653830146031,23.697407130625987,0.0,1.0,1.0
f01d2976-14b0-47d4-ac0a-947335be7d1b,2024-2025,12,7,B,active,20.82051282051282,12.249321774719641,43.68894859032199,23.361074599082936,1.0,1.0,2.0
4bd58e00-2fec-44cf-ac7b-2a2266414a38,2019-2020,7,7,B,active,73.43589743589743,11.946800654733496,47.74326620329889,23.62889966305127,3.0,0.0,3.0
4bd58e00-2fec-44cf-ac7b-2a2266414a38,2020-2021,8,7,B,active,60.1025641025641,11.405896147895271,56.5754123090689,21.395972329593242,3.0,0.0,3.0
4bd58e00-2fec-44cf-ac7b-2a2266414a38,2021-2022,9,7,B,active,62.46153846153846,11.111506965508074,50.84064907028354,20.876616555817428,3.0,0.0,3.0
4bd58e00-2fec-44cf-ac7b-2a2266414a38,2022-2023,10,7,B,active,46.87179487179487,13.328204141632348,54.75050909213625,24.591231803782943,1.0,0.0,1.0
4bd58e00-2fec-44cf-ac7b-2a2266414a38,2023-2024,11,7,B,active,59.07692307692308,14.838400778110215,68.22832215111532,25.243219469641677,2.0,0.0,2.0
4bd58e00-2fec-44cf-ac7b-2a2266414a38,2024-2025,12,7,B,active,52.51282051282051,13.739822635168329,66.17510613096033,24.547916718496257,1.0,0.0,1.0
933d7bcf-2e25-4047-ba08-efb85aa23d02,2019-2020,7,7,B,active,59.282051282051285,13.822081338337462,54.328453465151576,24.934192869244686,2.0,1.0,3.0
933d7bcf-2e25-4047-ba08-efb85aa23d02,2020-2021,8,7,B,active,86.25641025641026,9.483275996022378,44.855016040988,27.662403764319617,0.0,1.0,1.0
933d7bcf-2e25-4047-ba08-efb85aa23d02,2021-2022,9,7,B,active,71.48717948717949,11.094977040064938,67.75413938876058,21.886304695261114,2.0,1.0,3.0
933d7bcf-2e25-4047-ba08-efb85aa23d02,2022-2023,10,7,B,active,37.84615384615385,14.82092841317102,46.28844855111,23.564953054750728,3.0,1.0,4.0
933d7bcf-2e25-4047-ba08-efb85aa23d02,2023-2024,11,7,B,active,28.82051282051282,12.885879245927335,47.89261610686063,26.03654424205626,1.0,1.0,2.0
933d7bcf-2e25-4047-ba08-efb85aa23d02,2024-2025,12,7,B,active,43.794871794871796,13.105200830163588,59.942102773486894,25.391926841248182,0.0,1.0,1.0
3a6c9135-b811-45d7-8f13-96aff186fdd7,2019-2020,7,7,B,active,30.05128205128205,14.476748540783953,42.2668924113859,21.507284423296305,3.0,1.0,4.0
3a6c9135-b811-45d7-8f13-96aff186fdd7,2020-2021,8,7,B,active,63.794871794871796,10.092152989170108,57.69423705123393,22.92490291692804,4.0,1.0,5.0
3a6c9135-b811-45d7-8f13-96aff186fdd7,2021-2022,9,7,B,active,62.87179487179487,13.073032683190327,46.806159548178755,24.25661304741719,1.0,1.0,2.0
3a6c9135-b811-45d7-8f13-96aff186fdd7,2022-2023,10,7,B,active,72.82051282051282,15.277902506340734,53.7918152447883,27.49136938171103,2.0,1.0,3.0
3a6c9135-b811-45d7-8f13-96aff186fdd7,2023-2024,11,7,B,active,71.07692307692308,12.429558605417412,54.863323990321476,26.381742525951,0.0,1.0,1.0
3a6c9135-b811-45d7-8f13-96aff186fdd7,2024-2025,12,7,B,active,83.48717948717949,9.046289715946052,38.13732967354936,19.228117407747987,1.0,1.0,2.0
19e7bb52-a242-408a-b54f-f0c82b5e8a78,2019-2020,7,7,B,active,57.84615384615385,13.1340025997979,44.322781592565995,21.584825896062522,3.0,1.0,4.0
19e7bb52-a242-408a-b54f-f0c82b5e8a78,2020-2021,8,7,B,active,48.30769230769231,15.033565683695668,51.16952431410087,26.182610665716467,0.0,1.0,1.0
19e7bb52-a242-408a-b54f-f0c82b5e8a78,2021-2022,9,7,B,active,63.282051282051285,12.71126462288825,57.24006618090001,19.44730050836209,0.0,1.0,1.0
19e7bb52-a242-408a-b54f-f0c82b5e8a78,2022-2023,10,7,B,active,35.38461538461539,14.113478784509853,53.33291193050565,25.814602911792935,1.0,1.0,2.0
19e7bb52-a242-408a-b54f-f0c82b5e8a78,2023-2024,11,7,B,active,74.87179487179488,11.532972153510872,53.60819829626025,20.165183371415733,2.0,1.0,3.0
19e7bb52-a242-408a-b54f-f0c82b5e8a78,2024-2025,12,7,B,active,55.58974358974359,10.614582691844145,61.66832927634281,21.383759343459584,0.0,1.0,1.0
92f89a73-9ace-454d-976c-45ffb4595629,2019-2020,7,7,B,active,74.76923076923077,11.721463754608777,60.08370284619277,19.437041990175373,2.0,2.0,4.0
92f89a73-9ace-454d-976c-45ffb4595629,2020-2021,8,7,B,active,56.205128205128204,14.332846867431336,44.551400200345356,26.518674840850093,1.0,2.0,3.0
92f89a73-9ace-454d-976c-45ffb4595629,2021-2022,9,7,B,active,71.17948717948718,13.04823398994708,57.16946604856856,21.175528468601673,3.0,2.0,5.0
92f89a73-9ace-454d-976c-45ffb4595629,2022-2023,10,7,B,active,39.07692307692308,10.759046659450963,60.28786216317156,21.463972850071407,2.0,2.0,4.0
92f89a73-9ace-454d-976c-45ffb4595629,2023-2024,11,7,B,active,81.12820512820512,8.75147953560301,49.40764967855052,26.13526972569002,1.0,2.0,3.0
92f89a73-9ace-454d-976c-45ffb4595629,2024-2025,12,7,B,active,48.205128205128204,13.578581212567418,58.278963492258974,26.791291861808617,0.0,2.0,2.0
4dd27636-923a-4883-ad52-e8a5002f4fb9,2019-2020,7,7,B,active,72.51282051282051,12.787477004911763,53.165247690071446,23.7581877173804,3.0,2.0,5.0
4dd27636-923a-4883-ad52-e8a5002f4fb9,2020-2021,8,7,B,active,63.38461538461539,16.7844153663535,54.8930167489781,23.978401557790775,1.0,2.0,3.0
4dd27636-923a-4883-ad52-e8a5002f4fb9,2021-2022,9,7,B,active,73.12820512820512,9.923866731480405,40.945682291091344,21.689919873779818,3.0,2.0,5.0
4dd27636-923a-4883-ad52-e8a5002f4fb9,2022-2023,10,7,B,active,71.17948717948718,13.272194509519347,52.95050107111912,21.02989456614939,1.0,2.0,3.0
4dd27636-923a-4883-ad52-e8a5002f4fb9,2023-2024,11,7,B,active,78.56410256410257,12.993510266353558,50.98395744736724,17.74198025646796,1.0,2.0,3.0
4dd27636-923a-4883-ad52-e8a5002f4fb9,2024-2025,12,7,B,active,44.1025641025641,14.436421177364439,55.87748565545666,19.850745041278856,1.0,2.0,3.0
a854d0aa-a34b-4095-bbdf-08d6bf1cc227,2019-2020,7,7,B,active,80.82051282051282,10.30807500246337,48.32454916411301,22.942004782142128,0.0,1.0,1.0
a854d0aa-a34b-4095-bbdf-08d6bf1cc227,2020-2021,8,7,B,active,85.53846153846153,9.99433037657418,52.33489954561299,23.7539655227659,2.0,1.0,3.0
a854d0aa-a34b-4095-bbdf-08d6bf1cc227,2021-2022,9,7,B,active,56.717948717948715,11.383156342293223,60.095010549647085,23.06358589419081,3.0,1.0,4.0
a854d0aa-a34b-4095-bbdf-08d6bf1cc227,2022-2023,10,7,B,active,61.23076923076923,14.484949609238766,39.47488836424542,26.715169246118087,1.0,1.0,2.0
a854d0aa-a34b-4095-bbdf-08d6bf1cc227,2023-2024,11,7,B,active,56.1025641025641,13.122489477780762,63.64318608058202,24.733431899364394,1.0,1.0,2.0
a854d0aa-a34b-4095-bbdf-08d6bf1cc227,2024-2025,12,7,B,active,68.0,10.3821709523688,54.377687374620415,26.817670898769734,6.0,1.0,7.0
70bb1218-b8ad-4842-8f23-dfcb944be9dd,2019-2020,7,7,C,active,77.12820512820512,14.332846867431334,50.761015622002944,25.751723569031896,0.0,2.0,2.0
70bb1218-b8ad-4842-8f23-dfcb944be9dd,2020-2021,8,7,C,active,65.53846153846153,14.498359533057439,44.55231364525699,19.602327617008978,2.0,2.0,4.0
70bb1218-b8ad-4842-8f23-dfcb944be9dd,2021-2022,9,7,C,active,59.8974358974359,12.052068771518618,46.82220151898865,25.93919831366373,0.0,2.0,2.0
70bb1218-b8ad-4842-8f23-dfcb944be9dd,2022-2023,10,7,C,active,76.0,11.999999999999998,44.851313260086386,22.82285287549523,2.0,2.0,4.0
70bb1218-b8ad-4842-8f23-dfcb944be9dd,2023-2024,11,7,C,active,65.84615384615384,11.270684987212253,51.31851528908076,24.406010816365004,2.0,2.0,4.0
70bb1218-b8ad-4842-8f23-dfcb944be9dd,2024-2025,12,7,C,active,84.1025641025641,12.1217396523655,46.667780388103274,27.723087194373992,2.0,2.0,4.0
40cca0ac-78f1-47e8-9dc0-84b6a86a5e46,2019-2020,7,7,C,active,48.205128205128204,14.795410894455161,45.71538807716409,26.26051062514266,5.0,1.0,6.0
40cca0ac-78f1-47e8-9dc0-84b6a86a5e46,2020-2021,8,7,C,active,36.30769230769231,12.118176530697585,45.952469887793036,23.962639887767715,4.0,1.0,5.0
40cca0ac-78f1-47e8-9dc0-84b6a86a5e46,2021-2022,9,7,C,active,51.07692307692308,13.80957832235639,29.706960836239315,20.940169937833957,0.0,1.0,1.0
40cca0ac-78f1-47e8-9dc0-84b6a86a5e46,2022-2023,10,7,C,active,82.35897435897436,11.669770167509006,53.055981970317376,21.24616785134711,1.0,1.0,2.0
40cca0ac-78f1-47e8-9dc0-84b6a86a5e46,2023-2024,11,7,C,active,60.0,12.748580932381206,48.19909971792769,28.30501424115133,2.0,1.0,3.0
40cca0ac-78f1-47e8-9dc0-84b6a86a5e46,2024-2025,12,7,C,active,40.41025641025641,13.819737884478181,38.92453564842877,20.738006619782443,0.0,1.0,1.0
701acbed-cf4a-4ec0-b05d-bcdbf246dd5e,2019-2020,7,7,C,active,64.0,12.345892135912209,50.69033070156173,18.724362513346538,1.0,0.0,1.0
701acbed-cf4a-4ec0-b05d-bcdbf246dd5e,2020-2021,8,7,C,active,65.94871794871794,11.308936191648382,44.5219054610934,25.671419262321802,3.0,0.0,3.0
701acbed-cf4a-4ec0-b05d-bcdbf246dd5e,2021-2022,9,7,C,active,73.12820512820512,10.699679009399466,35.857451795194656,21.923467446741153,4.0,0.0,4.0
701acbed-cf4a-4ec0-b05d-bcdbf246dd5e,2022-2023,10,7,C,active,75.58974358974359,12.54196733648138,61.73976207552354,24.505456036686443,1.0,0.0,1.0
701acbed-cf4a-4ec0-b05d-bcdbf246dd5e,2023-2024,11,7,C,active,71.17948717948718,13.048233989947077,55.89095395000257,25.857795198420543,1.0,0.0,1.0
701acbed-cf4a-4ec0-b05d-bcdbf246dd5e,2024-2025,12,7,C,active,86.97435897435898,7.031834302457646,49.3150663867707,21.29252199091444,1.0,0.0,1.0
ae938fd8-f635-4a4a-86f8-43bf5c31b700,2019-2020,7,7,C,active,44.205128205128204,15.243945281530266,55.00619697953691,20.357753232722626,6.0,0.0,6.0
ae938fd8-f635-4a4a-86f8-43bf5c31b700,2020-2021,8,7,C,active,62.56410256410256,14.17149635860079,45.547766982803154,23.198740606081877,1.0,0.0,1.0
ae938fd8-f635-4a4a-86f8-43bf5c31b700,2021-2022,9,7,C,active,69.12820512820512,13.9457208814813,44.195222950329125,23.435660363987385,1.0,0.0,1.0
ae938fd8-f635-4a4a-86f8-43bf5c31b700,2022-2023,10,7,C,active,71.07692307692308,12.293311436422426,51.58509651685597,26.82763794812785,3.0,0.0,3.0
ae938fd8-f635-4a4a-86f8-43bf5c31b700,2023-2024,11,7,C,active,31.17948717948718,11.541394139247775,50.121131001789195,24.151301322716865,1.0,0.0,1.0
ae938fd8-f635-4a4a-86f8-43bf5c31b700,2024-2025,12,7,C,active,59.69230769230769,11.585276150432554,59.73107810843898,22.89027361559109,5.0,0.0,5.0
f3c87fd8-b238-4540-bedb-fec1a5623589,2019-2020,7,7,C,active,40.717948717948715,13.134824579496408,53.19364463678152,24.711748464076134,0.0,2.0,2.0
f3c87fd8-b238-4540-bedb-fec1a5623589,2020-2021,8,7,C,active,50.46153846153846,12.434769068276921,56.546112156587256,25.006691244999974,2.0,2.0,4.0
f3c87fd8-b238-4540-bedb-fec1a5623589,2021-2022,9,7,C,active,41.84615384615385,15.969606760373647,58.51593742545581,23.5867925568188,1.0,2.0,3.0
f3c87fd8-b238-4540-bedb-fec1a5623589,2022-2023,10,7,C,active,33.743589743589745,11.672545270437736,49.648027842400246,20.71816547462152,1.0,2.0,3.0
f3c87fd8-b238-4540-bedb-fec1a5623589,2023-2024,11,7,C,active,66.66666666666667,12.288919556236387,46.34281939828187,28.59709943172355,2.0,2.0,4.0
f3c87fd8-b238-4540-bedb-fec1a5623589,2024-2025,12,7,C,active,45.94871794871795,13.69969019616813,45.99112313029136,20.62577112589059,0.0,2.0,2.0
4da7c990-41a9-49f4-96a6-9d6e3ead39b6,2019-2020,7,7,C,active,58.15384615384615,13.005137570931971,58.50936575381622,25.276086434147363,2.0,1.0,3.0
4da7c990-41a9-49f4-96a6-9d6e3ead39b6,2020-2021,8,7,C,active,31.897435897435898,15.42348665577219,46.620590055139544,21.187475358449415,1.0,1.0,2.0
4da7c990-41a9-49f4-96a6-9d6e3ead39b6,2021-2022,9,7,C,active,48.1025641025641,13.281952281583322,50.79163057654346,25.46621253363564,1.0,1.0,2.0
4da7c990-41a9-49f4-96a6-9d6e3ead39b6,2022-2023,10,7,C,active,52.30769230769231,13.746107288503337,51.612819659594315,23.700408987496576,2.0,1.0,3.0
4da7c990-41a9-49f4-96a6-9d6e3ead39b6,2023-2024,11,7,C,active,65.74358974358974,11.851533209091889,39.85755006900339,23.16225920092226,2.0,1.0,3.0
4da7c990-41a9-49f4-96a6-9d6e3ead39b6,2024-2025,12,7,C,active,46.35897435897436,13.06559801738737,56.170234252085415,20.89996448976609,2.0,1.0,3.0
a8d4b824-f8fd-45c8-95ae-f466575f1388,2019-2020,7,7,C,active,87.17948717948718,8.714391589934781,56.39951298411778,23.731608121984504,,,
a8d4b824-f8fd-45c8-95ae-f466575f1388,2020-2021,8,7,C,active,72.51282051282051,13.922476705846245,41.816151718887525,22.89583666125425,2.0,0.0,2.0
a8d4b824-f8fd-45c8-95ae-f466575f1388,2021-2022,9,7,C,active,80.71794871794872,11.308936191648383,46.247358193544,26.397376689327533,1.0,0.0,1.0
a8d4b824-f8fd-45c8-95ae-f466575f1388,2022-2023,10,7,C,active,78.56410256410257,10.915452281766411,51.56176407795448,20.000164100185177,3.0,0.0,3.0
a8d4b824-f8fd-45c8-95ae-f466575f1388,2023-2024,11,7,C,active,56.30769230769231,14.316265769642744,55.78624454385665,22.636484796512523,1.0,0.0,1.0
a8d4b824-f8fd-45c8-95ae-f466575f1388,2024-2025,12,7,C,active,59.58974358974359,13.449159529048153,62.28223876938973,19.675875890736766,5.0,0.0,5.0
ece2acfb-d561-4e8f-99f2-c550a67196ac,2019-2020,7,7,C,active,58.46153846153846,12.900114552421117,41.84973702643543,24.82015997487839,,,
ece2acfb-d561-4e8f-99f2-c550a67196ac,2020-2021,8,7,C,active,56.41025641025641,15.100920063844748,37.65486698977925,25.290853074219054,3.0,0.0,3.0
ece2acfb-d561-4e8f-99f2-c550a67196ac,2021-2022,9,7,C,active,41.02564102564103,13.47802730272533,58.549802166807716,24.583756399055588,3.0,0.0,3.0
ece2acfb-d561-4e8f-99f2-c550a67196ac,2022-2023,10,7,C,active,30.05128205128205,11.493587956011131,50.20207496506124,24.51368474968358,2.0,0.0,2.0
ece2acfb-d561-4e8f-99f2-c550a67196ac,2023-2024,11,7,C,active,43.8974358974359,15.064414100778368,52.8732230635574,24.198447833281488,,,
ece2acfb-d561-4e8f-99f2-c550a67196ac,2024-2025,12,7,C,active,51.07692307692308,14.347903964626246,44.86395131914579,25.650001013097274,2.0,0.0,2.0
602cfa65-598a-4d30-b839-0816c7ab5a5f,2019-2020,7,7,C,active,39.38461538461539,14.981770299118411,55.075179381568724,25.407211444527366,4.0,1.0,5.0
602cfa65-598a-4d30-b839-0816c7ab5a5f,2020-2021,8,7,C,active,36.41025641025641,13.697325802617454,43.47387822230168,25.950182837014523,4.0,1.0,5.0
602cfa65-598a-4d30-b839-0816c7ab5a5f,2021-2022,9,7,C,active,58.256410256410255,14.180635329687318,47.63653455757278,21.943279267949258,4.0,1.0,5.0
602cfa65-598a-4d30-b839-0816c7ab5a5f,2022-2023,10,7,C,active,64.3076923076923,11.290783027607882,46.91391362864898,24.757549082878636,0.0,1.0,1.0
602cfa65-598a-4d30-b839-0816c7ab5a5f,2023-2024,11,7,C,active,52.0,13.424251424783037,58.61880508122699,26.298302258672802,2.0,1.0,3.0
602cfa65-598a-4d30-b839-0816c7ab5a5f,2024-2025,12,7,C,active,57.94871794871795,13.545146184342046,46.90794307651703,22.190415860971058,3.0,1.0,4.0
02ec1f8c-cb16-4af4-83dc-0c4f8f5f2569,2019-2020,7,7,C,active,66.56410256410257,12.294189624189132,58.29709820346909,21.888140073832627,1.0,2.0,3.0
02ec1f8c-cb16-4af4-83dc-0c4f8f5f2569,2020-2021,8,7,C,active,41.84615384615385,12.20340431695504,40.56194637610181,24.195567778829716,2.0,2.0,4.0
02ec1f8c-cb16-4af4-83dc-0c4f8f5f2569,2021-2022,9,7,C,active,68.51282051282051,14.427444233075917,49.319006962128,25.379699791781327,1.0,2.0,3.0
02ec1f8c-cb16-4af4-83dc-0c4f8f5f2569,2022-2023,10,7,C,active,89.64102564102564,6.91104066916873,51.97670802858828,25.21056753220841,0.0,2.0,2.0
02ec1f8c-cb16-4af4-83dc-0c4f8f5f2569,2023-2024,11,7,C,active,62.15384615384615,12.134202338710242,39.28839852158251,26.839693747300725,4.0,2.0,6.0
02ec1f8c-cb16-4af4-83dc-0c4f8f5f2569,2024-2025,12,7,C,active,63.17948717948718,14.572634401998322,49.04198820609612,23.29066242131302,1.0,2.0,3.0
c42c9d21-7181-4691-8814-a5b23c90c8db,2019-2020,7,7,C,active,14.051282051282051,7.391135223498336,53.14092653451392,25.331701050206764,1.0,0.0,1.0
c42c9d21-7181-4691-8814-a5b23c90c8db,2020-2021,8,7,C,active,32.82051282051282,12.352011970933903,48.67766206208583,25.162002781231447,3.0,0.0,3.0
c42c9d21-7181-4691-8814-a5b23c90c8db,2021-2022,9,7,C,active,85.43589743589743,8.534126144007677,52.43561507841792,23.050288998623977,1.0,0.0,1.0
c42c9d21-7181-4691-8814-a5b23c90c8db,2022-2023,10,7,C,active,80.0,9.49237921481726,55.00402217749926,20.181758121475198,3.0,0.0,3.0
c42c9d21-7181-4691-8814-a5b23c90c8db,2023-2024,11,7,C,active,65.33333333333333,14.692162847001358,49.42737768963016,19.36420240919607,2.0,0.0,2.0
c42c9d21-7181-4691-8814-a5b23c90c8db,2024-2025,12,7,C,active,68.92307692307692,12.530771840352838,58.418693317472425,20.434168056583168,1.0,0.0,1.0
aac29761-14a6-4a6d-ac61-a7ecd901d2a7,2019-2020,7,7,C,active,76.0,11.2015036584615,55.702673409481974,25.74566913400133,2.0,0.0,2.0
aac29761-14a6-4a6d-ac61-a7ecd901d2a7,2020-2021,8,7,C,active,70.76923076923077,10.825072112222522,50.00595946438271,20.059294373757716,1.0,0.0,1.0
aac29761-14a6-4a6d-ac61-a7ecd901d2a7,2021-2022,9,7,C,active,44.205128205128204,10.580964753495302,55.506070156487496,23.401910932917623,2.0,0.0,2.0
aac29761-14a6-4a6d-ac61-a7ecd901d2a7,2022-2023,10,7,C,active,61.94871794871795,13.388818425813616,60.39191731248987,24.811029577800024,,,
aac29761-14a6-4a6d-ac61-a7ecd901d2a7,2023-2024,11,7,C,active,30.153846153846153,14.122655299643569,49.8597204065571,24.483123485264397,2.0,0.0,2.0
aac29761-14a6-4a6d-ac61-a7ecd901d2a7,2024-2025,12,7,C,active,18.256410256410255,10.614582691844145,51.226584514029724,18.618190826214956,,,
bde6b5ba-c610-4d66-beec-5af8451c169d,2019-2020,7,7,C,active,35.58974358974359,15.540639336435142,50.748818590604,23.040053424453184,4.0,1.0,5.0
bde6b5ba-c610-4d66-beec-5af8451c169d,2020-2021,8,7,C,active,78.66666666666667,10.832051206181282,52.73958508890877,22.09990480207581,2.0,1.0,3.0
bde6b5ba-c610-4d66-beec-5af8451c169d,2021-2022,9,7,C,active,56.205128205128204,14.795410894455161,58.47163499082772,27.001075373009563,5.0,1.0,6.0
bde6b5ba-c610-4d66-beec-5af8451c169d,2022-2023,10,7,C,active,66.25641025641026,13.16438166680706,59.53809708166297,21.688360134825952,0.0,1.0,1.0
bde6b5ba-c610-4d66-beec-5af8451c169d,2023-2024,11,7,C,active,60.717948717948715,12.341518967224154,45.77305143719606,27.225039425882816,1.0,1.0,2.0
bde6b5ba-c610-4d66-beec-5af8451c169d,2024-2025,12,7,C,active,41.333333333333336,11.870647863606871,49.52497057708057,26.75945710444364,2.0,1.0,3.0
218e2ec0-6996-4855-aaf6-7159b0a61c4f,2019-2020,7,7,C,active,88.1025641025641,8.384807287729494,48.55661371065917,20.29641221933076,0.0,1.0,1.0
218e2ec0-6996-4855-aaf6-7159b0a61c4f,2020-2021,8,7,C,active,54.666666666666664,11.473845162238225,48.0267037052499,20.790217220154414,1.0,1.0,2.0
218e2ec0-6996-4855-aaf6-7159b0a61c4f,2021-2022,9,7,C,active,65.74358974358974,13.386399124165951,46.57261208773381,20.61189685637632,1.0,1.0,2.0
218e2ec0-6996-4855-aaf6-7159b0a61c4f,2022-2023,10,7,C,active,65.33333333333333,11.870647863606871,47.4959840927639,25.21145445030129,1.0,1.0,2.0
218e2ec0-6996-4855-aaf6-7159b0a61c4f,2023-2024,11,7,C,active,50.15384615384615,12.940223827760883,57.56727698365758,23.938020431880695,2.0,1.0,3.0
218e2ec0-6996-4855-aaf6-7159b0a61c4f,2024-2025,12,7,C,active,47.58974358974359,13.604793947486902,41.978112841073894,22.642980809785808,2.0,1.0,3.0
1f951402-9337-422f-8372-51d3d26e771c,2019-2020,7,7,C,active,66.97435897435898,15.209912244958069,42.6551586668534,24.03909898560614,3.0,0.0,3.0
1f951402-9337-422f-8372-51d3d26e771c,2020-2021,8,7,C,active,89.12820512820512,6.013928951234734,44.004344240965466,21.91538503886922,1.0,0.0,1.0
1f951402-9337-422f-8372-51d3d26e771c,2021-2022,9,7,C,active,65.43589743589743,11.981992786974063,48.38970151815886,21.299087122147125,2.0,0.0,2.0
1f951402-9337-422f-8372-51d3d26e771c,2022-2023,10,7,C,active,40.30769230769231,13.310371591463326,52.73753688230195,17.99024542073041,,,
1f951402-9337-422f-8372-51d3d26e771c,2023-2024,11,7,C,active,50.05128205128205,12.204288974197636,49.64086364433129,19.466182372317395,3.0,0.0,3.0
1f951402-9337-422f-8372-51d3d26e771c,2024-2025,12,7,C,active,78.35897435897436,11.70579518980411,57.42213972478237,24.212591316732762,,,
c5596d5d-481c-4136-b1a9-f223276a2c89,2020-2021,7,7,A,active,36.61538461538461,14.49612540722045,66.33972334390309,23.101353895551387,2.0,1.0,3.0
c5596d5d-481c-4136-b1a9-f223276a2c89,2021-2022,8,7,A,active,44.41025641025641,13.5116284201462,48.49213501425932,28.24294018974351,1.0,1.0,2.0
c5596d5d-481c-4136-b1a9-f223276a2c89,2022-2023,9,7,A,active,61.743589743589745,13.6047939474869,53.51580621556221,19.65653526806279,2.0,1.0,3.0
c5596d5d-481c-4136-b1a9-f223276a2c89,2023-2024,10,7,A,active,65.64102564102564,11.303206763167,47.726399915693634,30.046754376825703,0.0,1.0,1.0
c5596d5d-481c-4136-b1a9-f223276a2c89,2024-2025,11,7,A,active,62.76923076923077,11.393584386934002,41.6583789566814,21.54338649394164,2.0,1.0,3.0
e9eb56c0-a870-45e0-b00d-075bc00ca12d,2020-2021,7,7,A,active,20.923076923076923,8.918887750412237,50.90935294086869,21.039661705101352,,,
e9eb56c0-a870-45e0-b00d-075bc00ca12d,2021-2022,8,7,A,active,78.87179487179488,10.85594546581803,44.01531018955388,21.772643266381152,3.0,0.0,3.0
e9eb56c0-a870-45e0-b00d-075bc00ca12d,2022-2023,9,7,A,active,24.0,11.534844237307558,58.827174451482946,19.73165983031852,1.0,0.0,1.0
e9eb56c0-a870-45e0-b00d-075bc00ca12d,2023-2024,10,7,A,active,55.58974358974359,11.780264380729838,38.40958179070602,23.213782797501608,3.0,0.0,3.0
e9eb56c0-a870-45e0-b00d-075bc00ca12d,2024-2025,11,7,A,active,90.46153846153847,6.265385920176422,56.58129525825434,21.654008288847077,2.0,0.0,2.0
8168e244-75f9-4888-b4c7-cc8d33ece73b,2020-2021,7,7,A,active,83.6923076923077,9.597570542792932,39.15845942528622,24.45120902879401,2.0,2.0,4.0
8168e244-75f9-4888-b4c7-cc8d33ece73b,2021-2022,8,7,A,active,37.02564102564103,13.033332125316186,61.132573694458095,19.277228231576437,5.0,2.0,7.0
8168e244-75f9-4888-b4c7-cc8d33ece73b,2022-2023,9,7,A,active,64.82051282051282,13.678395941029345,53.99546702093894,28.84454547728114,2.0,2.0,4.0
8168e244-75f9-4888-b4c7-cc8d33ece73b,2023-2024,10,7,A,active,90.35897435897436,6.72578377153403,56.71346198273337,24.035511349799894,3.0,2.0,5.0
8168e244-75f9-4888-b4c7-cc8d33ece73b,2024-2025,11,7,A,active,55.282051282051285,11.007052088616257,49.637199706750145,20.443695061354425,1.0,2.0,3.0
e49d3ecd-7aa8-4085-a9f6-147b9b5ad942,2020-2021,7,7,A,active,77.33333333333333,12.92352675780296,56.48905683026416,20.655121235962266,1.0,2.0,3.0
e49d3ecd-7aa8-4085-a9f6-147b9b5ad942,2021-2022,8,7,A,active,27.897435897435898,14.230794762350806,51.01945262617834,24.890752716415488,1.0,2.0,3.0
e49d3ecd-7aa8-4085-a9f6-147b9b5ad942,2022-2023,9,7,A,active,25.025641025641026,10.41124690314626,56.72023633805308,22.47316902575264,2.0,2.0,4.0
e49d3ecd-7aa8-4085-a9f6-147b9b5ad942,2023-2024,10,7,A,active,61.12820512820513,12.03324230529194,47.5201056258489,22.832493428320674,1.0,2.0,3.0
e49d3ecd-7aa8-4085-a9f6-147b9b5ad942,2024-2025,11,7,A,active,51.07692307692308,13.249398428021305,50.93935035103896,24.461120277844035,4.0,2.0,6.0
cb2d6585-32e9-40a1-9afd-1cfb826e762b,2020-2021,7,7,A,active,56.51282051282051,10.70875636514293,53.2297396551573,27.340289042043672,1.0,0.0,1.0
cb2d6585-32e9-40a1-9afd-1cfb826e762b,2021-2022,8,7,A,active,58.46153846153846,13.537173291671527,45.03479853106037,23.352774803327236,4.0,0.0,4.0
cb2d6585-32e9-40a1-9afd-1cfb826e762b,2022-2023,9,7,A,active,68.82051282051282,13.335492402788553,51.61434310786566,24.432938569521315,2.0,0.0,2.0
cb2d6585-32e9-40a1-9afd-1cfb826e762b,2023-2024,10,7,A,active,65.94871794871794,12.030550405111667,42.96908305648802,20.34888355379403,2.0,0.0,2.0
cb2d6585-32e9-40a1-9afd-1cfb826e762b,2024-2025,11,7,A,active,56.205128205128204,14.766925146170568,56.24771810015933,25.394956970848963,2.0,0.0,2.0
11d84b53-d126-4c19-af8c-f275845294ac,2020-2021,7,7,A,active,82.15384615384616,9.215371773459655,50.6128879500384,22.54139438340051,1.0,0.0,1.0
11d84b53-d126-4c19-af8c-f275845294ac,2021-2022,8,7,A,active,25.333333333333332,12.459055749752409,53.82688312848671,24.53214313319391,3.0,0.0,3.0
11d84b53-d126-4c19-af8c-f275845294ac,2022-2023,9,7,A,active,37.64102564102564,11.99009937952577,46.57783770384261,23.35810644300353,3.0,0.0,3.0
11d84b53-d126-4c19-af8c-f275845294ac,2023-2024,10,7,A,active,40.205128205128204,11.60575965716907,61.256301440703005,24.142502424451123,2.0,0.0,2.0
11d84b53-d126-4c19-af8c-f275845294ac,2024-2025,11,7,A,active,77.94871794871794,12.843078656059147,39.85561739848378,25.311744931227025,,,
c2e4fd4c-84d9-49b5-bca0-721e1b82df43,2020-2021,7,7,A,active,58.666666666666664,12.726543610922084,60.52509313270754,20.140627409649703,,,
c2e4fd4c-84d9-49b5-bca0-721e1b82df43,2021-2022,8,7,A,active,37.53846153846154,12.400861926423445,48.387798977802504,26.64378690983724,1.0,0.0,1.0
c2e4fd4c-84d9-49b5-bca0-721e1b82df43,2022-2023,9,7,A,active,69.53846153846153,14.115773472564122,55.03885728878135,20.657338512158624,,,
c2e4fd4c-84d9-49b5-bca0-721e1b82df43,2023-2024,10,7,A,active,62.87179487179487,13.763375288250922,44.259647654594836,20.435039774503615,1.0,0.0,1.0
c2e4fd4c-84d9-49b5-bca0-721e1b82df43,2024-2025,11,7,A,active,51.69230769230769,15.31107931524002,44.14754390964105,19.866413213256845,,,
5a07c963-910b-44e6-ba98-56d40d5e1128,2020-2021,7,7,A,active,71.48717948717949,11.35751963950199,56.07396412635506,20.790301322826,2.0,0.0,2.0
5a07c963-910b-44e6-ba98-56d40d5e1128,2021-2022,8,7,A,active,62.97435897435897,13.193872540106957,52.74169139288055,26.75571358077707,2.0,0.0,2.0
5a07c963-910b-44e6-ba98-56d40d5e1128,2022-2023,9,7,A,active,70.35897435897436,9.612183002745663,47.175434346208526,19.20191205145476,1.0,0.0,1.0
5a07c963-910b-44e6-ba98-56d40d5e1128,2023-2024,10,7,A,active,37.743589743589745,13.035816952409776,50.57585575311979,21.8443338139088,3.0,0.0,3.0
5a07c963-910b-44e6-ba98-56d40d5e1128,2024-2025,11,7,A,active,66.46153846153847,11.773847365299778,52.024186968343656,26.767041840372205,,,
0a9cf851-a297-46c0-ada7-f0ad726269ab,2020-2021,7,7,A,active,78.66666666666667,12.62689971811086,54.82459438212906,23.093188002459502,4.0,0.0,4.0
0a9cf851-a297-46c0-ada7-f0ad726269ab,2021-2022,8,7,A,active,75.28205128205128,13.198781279362839,58.88431816560577,20.783872311513793,1.0,0.0,1.0
0a9cf851-a297-46c0-ada7-f0ad726269ab,2022-2023,9,7,A,active,42.97435897435897,11.813211113626755,54.31737182067592,23.408123013989147,4.0,0.0,4.0
0a9cf851-a297-46c0-ada7-f0ad726269ab,2023-2024,10,7,A,active,64.51282051282051,11.541394139247776,46.525418350148826,20.909770132829493,4.0,0.0,4.0
0a9cf851-a297-46c0-ada7-f0ad726269ab,2024-2025,11,7,A,active,84.61538461538461,9.382557682421547,43.21776804991953,20.404411062012052,2.0,0.0,2.0
28737aba-6f4e-41ae-9c82-bc3f4afecb8c,2020-2021,7,7,A,active,81.23076923076923,10.428860609061703,50.379451178097874,22.87561690183053,2.0,0.0,2.0
28737aba-6f4e-41ae-9c82-bc3f4afecb8c,2021-2022,8,7,A,active,56.61538461538461,15.204942729284111,52.65698625416233,21.65828320339201,2.0,0.0,2.0
28737aba-6f4e-41ae-9c82-bc3f4afecb8c,2022-2023,9,7,A,active,25.333333333333332,11.138679250189247,50.88973512601076,22.652061881000158,2.0,0.0,2.0
28737aba-6f4e-41ae-9c82-bc3f4afecb8c,2023-2024,10,7,A,active,51.282051282051285,12.238740728885464,45.56447163399308,21.031169338461154,4.0,0.0,4.0
28737aba-6f4e-41ae-9c82-bc3f4afecb8c,2024-2025,11,7,A,active,45.64102564102564,12.9360515807307,43.51119990045269,20.448655676615346,1.0,0.0,1.0
240a2549-b0fd-4dc5-9a91-0e51fea45fd5,2020-2021,7,7,A,active,54.666666666666664,11.941377275175178,42.887731242634615,16.764187514976314,1.0,1.0,2.0
240a2549-b0fd-4dc5-9a91-0e51fea45fd5,2021-2022,8,7,A,active,12.41025641025641,8.145770451486655,50.6605295903196,26.09171970549891,2.0,1.0,3.0
240a2549-b0fd-4dc5-9a91-0e51fea45fd5,2022-2023,9,7,A,active,41.23076923076923,14.571893527323754,44.02865330006606,21.159247731359685,2.0,1.0,3.0
240a2549-b0fd-4dc5-9a91-0e51fea45fd5,2023-2024,10,7,A,active,24.205128205128204,10.257678733975181,48.01311662515736,28.45162814627117,3.0,1.0,4.0
240a2549-b0fd-4dc5-9a91-0e51fea45fd5,2024-2025,11,7,A,active,81.64102564102564,11.91965908088769,57.17116293384724,25.619659511463798,1.0,1.0,2.0
3fc3be86-8a0b-448a-9ebc-6ddec14243b6,2020-2021,7,7,A,active,84.61538461538461,9.778104930526602,51.0253298862842,19.49910002374468,2.0,1.0,3.0
3fc3be86-8a0b-448a-9ebc-6ddec14243b6,2021-2022,8,7,A,active,78.25641025641026,10.811100408274209,54.34502774889055,24.308298581338466,3.0,1.0,4.0
3fc3be86-8a0b-448a-9ebc-6ddec14243b6,2022-2023,9,7,A,active,64.61538461538461,11.108591707169687,41.243770703736025,21.36282844133438,1.0,1.0,2.0
3fc3be86-8a0b-448a-9ebc-6ddec14243b6,2023-2024,10,7,A,active,74.25641025641026,11.454068338868552,48.70997797300874,23.603173095729275,2.0,1.0,3.0
3fc3be86-8a0b-448a-9ebc-6ddec14243b6,2024-2025,11,7,A,active,46.666666666666664,12.391281598330448,60.228029461634996,27.41717360528049,0.0,1.0,1.0
0aee584f-05e4-4aaa-b10a-1499d7172b26,2020-2021,7,7,A,active,75.6923076923077,10.637950549933667,47.5027478489014,21.57345231505535,4.0,0.0,4.0
0aee584f-05e4-4aaa-b10a-1499d7172b26,2021-2022,8,7,A,active,86.46153846153847,9.066555528413069,49.20127606023954,21.225578578328427,1.0,0.0,1.0
0aee584f-05e4-4aaa-b10a-1499d7172b26,2022-2023,9,7,A,active,55.17948717948718,16.057252493027292,53.131144107917954,21.61110409673408,4.0,0.0,4.0
0aee584f-05e4-4aaa-b10a-1499d7172b26,2023-2024,10,7,A,active,24.41025641025641,11.851533209091889,39.788822201155405,19.111621364909237,3.0,0.0,3.0
0aee584f-05e4-4aaa-b10a-1499d7172b26,2024-2025,11,7,A,active,75.07692307692308,10.521618385082,48.01449963017256,22.8056263497748,1.0,0.0,1.0
9b1392fa-5d53-4363-b08c-f5c7e319a210,2020-2021,7,7,A,active,24.923076923076923,11.44180841288146,54.437881778699776,26.081170154552336,2.0,1.0,3.0
9b1392fa-5d53-4363-b08c-f5c7e319a210,2021-2022,8,7,A,active,50.35897435897436,13.000986155889906,50.91734313672715,26.107583814057985,2.0,1.0,3.0
9b1392fa-5d53-4363-b08c-f5c7e319a210,2022-2023,9,7,A,active,68.3076923076923,9.899903896805862,53.89535936852935,24.83436584450671,1.0,1.0,2.0
9b1392fa-5d53-4363-b08c-f5c7e319a210,2023-2024,10,7,A,active,64.3076923076923,12.393024027024758,54.092084464695326,23.516286173566655,3.0,1.0,4.0
9b1392fa-5d53-4363-b08c-f5c7e319a210,2024-2025,11,7,A,active,80.41025641025641,10.811100408274207,61.39735683468438,21.579880328938607,2.0,1.0,3.0
9b556d94-3464-43ba-a589-c08f9b2a8a07,2020-2021,7,7,A,active,44.30769230769231,14.949307053389408,55.48768152184463,23.005501872918085,3.0,0.0,3.0
9b556d94-3464-43ba-a589-c08f9b2a8a07,2021-2022,8,7,A,active,68.92307692307692,13.991321775309256,66.70800165967292,22.501889689189987,3.0,0.0,3.0
9b556d94-3464-43ba-a589-c08f9b2a8a07,2022-2023,9,7,A,active,55.38461538461539,11.481370229557886,46.15815479070898,21.6055002569056,2.0,0.0,2.0
9b556d94-3464-43ba-a589-c08f9b2a8a07,2023-2024,10,7,A,active,74.05128205128206,11.34610695568892,52.825919030038186,25.193535834988356,1.0,0.0,1.0
9b556d94-3464-43ba-a589-c08f9b2a8a07,2024-2025,11,7,A,active,36.82051282051282,14.514732615104876,49.36229680098095,24.6057441431327,2.0,0.0,2.0
7ba1e53b-36e7-4b36-95b3-350c77c96895,2020-2021,7,7,B,active,64.61538461538461,11.663292359534147,36.08376962383393,21.80540036415239,3.0,1.0,4.0
7ba1e53b-36e7-4b36-95b3-350c77c96895,2021-2022,8,7,B,active,51.38461538461539,12.398249843840196,44.3916957804607,23.93627109825469,4.0,1.0,5.0
7ba1e53b-36e7-4b36-95b3-350c77c96895,2022-2023,9,7,B,active,75.38461538461539,12.088740704550759,50.35990676072543,24.019103881941042,1.0,1.0,2.0
7ba1e53b-36e7-4b36-95b3-350c77c96895,2023-2024,10,7,B,active,33.12820512820513,11.569423147106997,46.32343571925597,20.161957837838905,2.0,1.0,3.0
7ba1e53b-36e7-4b36-95b3-350c77c96895,2024-2025,11,7,B,active,39.69230769230769,14.227759830611806,60.070061044014295,17.846120362084026,2.0,1.0,3.0
6d1290ec-b42b-4e0c-b3cd-ef155f7bdf63,2020-2021,7,7,B,active,65.53846153846153,11.073548743802798,57.17858777112479,22.32019426252789,1.0,2.0,3.0
6d1290ec-b42b-4e0c-b3cd-ef155f7bdf63,2021-2022,8,7,B,active,61.743589743589745,13.100257025839221,42.989834116229154,24.003545069531317,3.0,2.0,5.0
6d1290ec-b42b-4e0c-b3cd-ef155f7bdf63,2022-2023,9,7,B,active,67.48717948717949,12.72145265387689,48.341812431020344,24.631798364386917,2.0,2.0,4.0
6d1290ec-b42b-4e0c-b3cd-ef155f7bdf63,2023-2024,10,7,B,active,81.23076923076923,9.045096195297548,50.33649520147889,21.989249744473653,2.0,2.0,4.0
6d1290ec-b42b-4e0c-b3cd-ef155f7bdf63,2024-2025,11,7,B,active,61.43589743589744,11.257266359287259,49.393112015715914,20.2532639845599,0.0,2.0,2.0
3d90b1ac-c884-478f-968a-102a4581ee7f,2020-2021,7,7,B,active,41.333333333333336,15.982446511445861,55.2840526607645,22.51754758798235,4.0,2.0,6.0
3d90b1ac-c884-478f-968a-102a4581ee7f,2021-2022,8,7,B,active,63.8974358974359,12.565187647655037,55.36509987849007,25.90512911836699,3.0,2.0,5.0
3d90b1ac-c884-478f-968a-102a4581ee7f,2022-2023,9,7,B,active,80.61538461538461,10.644038075782353,38.4780916427071,22.735944387897277,1.0,2.0,3.0
3d90b1ac-c884-478f-968a-102a4581ee7f,2023-2024,10,7,B,active,68.3076923076923,9.465043292791266,45.72418105320641,24.367669578815345,0.0,2.0,2.0
3d90b1ac-c884-478f-968a-102a4581ee7f,2024-2025,11,7,B,active,78.46153846153847,10.325864698967175,65.3829230950608,22.261191165236383,3.0,2.0,5.0
94439584-285f-4259-ad4f-f527569ac95c,2020-2021,7,7,B,active,18.358974358974358,8.788410967941275,55.426102182178525,25.76942244293057,1.0,1.0,2.0
94439584-285f-4259-ad4f-f527569ac95c,2021-2022,8,7,B,active,50.87179487179487,16.79470387570452,46.08910990582628,25.11998789835802,4.0,1.0,5.0
94439584-285f-4259-ad4f-f527569ac95c,2022-2023,9,7,B,active,67.38461538461539,12.733328387419462,53.184850681018744,21.069202320309742,3.0,1.0,4.0
94439584-285f-4259-ad4f-f527569ac95c,2023-2024,10,7,B,active,48.51282051282051,10.550310035034874,62.053150909445904,22.862783531683167,2.0,1.0,3.0
94439584-285f-4259-ad4f-f527569ac95c,2024-2025,11,7,B,active,68.71794871794872,11.308936191648382,55.40350769925731,22.8785911524779,2.0,1.0,3.0
ad5b80c0-d901-4152-a03e-a6ae2c613214,2020-2021,7,7,B,active,83.8974358974359,10.992329554823007,46.977120003205705,19.848171958532756,1.0,1.0,2.0
ad5b80c0-d901-4152-a03e-a6ae2c613214,2021-2022,8,7,B,active,37.53846153846154,13.661020524886728,53.9997791971792,22.114500403933235,2.0,1.0,3.0
ad5b80c0-d901-4152-a03e-a6ae2c613214,2022-2023,9,7,B,active,57.94871794871795,11.818693306410195,58.199455525746885,22.195648737459308,1.0,1.0,2.0
ad5b80c0-d901-4152-a03e-a6ae2c613214,2023-2024,10,7,B,active,71.28205128205128,15.488448527427613,45.527903873149675,19.266563659884017,4.0,1.0,5.0
ad5b80c0-d901-4152-a03e-a6ae2c613214,2024-2025,11,7,B,active,79.48717948717949,10.101776276508046,49.28664796569126,25.21939555984196,3.0,1.0,4.0
ce6b106f-5a3a-44cd-98e6-8023f80adf0d,2020-2021,7,7,B,active,49.12820512820513,15.490539535946121,46.71181791312745,23.39694835286389,2.0,1.0,3.0
ce6b106f-5a3a-44cd-98e6-8023f80adf0d,2021-2022,8,7,B,active,47.69230769230769,11.693799180388513,62.51323676817577,25.581243442514953,3.0,1.0,4.0
ce6b106f-5a3a-44cd-98e6-8023f80adf0d,2022-2023,9,7,B,active,79.8974358974359,10.32063561841765,54.820788626489396,24.163792120095952,1.0,1.0,2.0
ce6b106f-5a3a-44cd-98e6-8023f80adf0d,2023-2024,10,7,B,active,83.58974358974359,7.989196483929996,48.7114504611638,30.25046260878724,2.0,1.0,3.0
ce6b106f-5a3a-44cd-98e6-8023f80adf0d,2024-2025,11,7,B,active,44.205128205128204,12.61406793431651,40.878041356639805,26.582167819585628,1.0,1.0,2.0
a5d8dfca-e876-45da-a21c-a211fc07c25a,2020-2021,7,7,B,active,62.05128205128205,13.102729161170402,39.7340664118495,22.87720135130197,2.0,1.0,3.0
a5d8dfca-e876-45da-a21c-a211fc07c25a,2021-2022,8,7,B,active,37.333333333333336,12.693415892404373,50.64269736752207,26.377073280878335,3.0,1.0,4.0
a5d8dfca-e876-45da-a21c-a211fc07c25a,2022-2023,9,7,B,active,56.1025641025641,11.911504548997272,55.585861307445136,22.70290687108394,1.0,1.0,2.0
a5d8dfca-e876-45da-a21c-a211fc07c25a,2023-2024,10,7,B,active,61.53846153846154,14.700243739200479,51.72335811044214,20.39779871748186,0.0,1.0,1.0
a5d8dfca-e876-45da-a21c-a211fc07c25a,2024-2025,11,7,B,active,66.25641025641026,12.406954647161974,57.51339535156456,27.314197516523688,3.0,1.0,4.0
523a5455-72b2-4150-982f-0036ba53d2d6,2020-2021,7,7,B,active,84.71794871794872,8.045753106448927,41.18057044689745,21.269499184291227,4.0,0.0,4.0
523a5455-72b2-4150-982f-0036ba53d2d6,2021-2022,8,7,B,active,27.487179487179485,9.41128045114449,55.67728294506429,22.518429751317413,1.0,0.0,1.0
523a5455-72b2-4150-982f-0036ba53d2d6,2022-2023,9,7,B,active,78.46153846153847,13.380752385906984,54.415259655590944,19.747120290351774,1.0,0.0,1.0
523a5455-72b2-4150-982f-0036ba53d2d6,2023-2024,10,7,B,active,55.48717948717949,12.317877027594347,41.33127012874238,21.561105867225137,1.0,0.0,1.0
523a5455-72b2-4150-982f-0036ba53d2d6,2024-2025,11,7,B,active,45.333333333333336,13.085414405949802,57.62026364980571,25.22899867109729,,,
991ec396-17d1-41ee-bbbe-68b078fb1bd2,2020-2021,7,7,B,active,60.0,13.486835686776395,46.48001289832187,22.341537915391772,2.0,2.0,4.0
991ec396-17d1-41ee-bbbe-68b078fb1bd2,2021-2022,8,7,B,active,74.66666666666667,12.04669278339677,45.48510793022569,24.81709588364438,2.0,2.0,4.0
991ec396-17d1-41ee-bbbe-68b078fb1bd2,2022-2023,9,7,B,active,55.282051282051285,12.409564897476034,58.485578489739055,19.288355604896065,2.0,2.0,4.0
991ec396-17d1-41ee-bbbe-68b078fb1bd2,2023-2024,10,7,B,active,64.41025641025641,12.236094037761593,55.471452155328315,22.577622475545127,2.0,2.0,4.0
991ec396-17d1-41ee-bbbe-68b078fb1bd2,2024-2025,11,7,B,active,38.256410256410255,12.304722988643851,54.458143040162284,25.482256679202166,2.0,2.0,4.0
94985318-6f65-4be9-bfba-7f24c06390e1,2020-2021,7,7,B,active,59.58974358974359,11.118306262333752,44.57154605725129,24.4005782809957,0.0,1.0,1.0
94985318-6f65-4be9-bfba-7f24c06390e1,2021-2022,8,7,B,active,63.48717948717949,12.041314395101283,56.76693553842195,24.02702328181988,0.0,1.0,1.0
94985318-6f65-4be9-bfba-7f24c06390e1,2022-2023,9,7,B,active,60.92307692307692,14.406476276468629,56.634865291638796,21.409701422821,9.0,1.0,10.0
94985318-6f65-4be9-bfba-7f24c06390e1,2023-2024,10,7,B,active,80.51282051282051,9.891175745321245,29.96175236516381,20.6431229889463,2.0,1.0,3.0
94985318-6f65-4be9-bfba-7f24c06390e1,2024-2025,11,7,B,active,68.82051282051282,13.585735156041222,51.091651192835364,23.675008887385793,3.0,1.0,4.0
fbd355cf-e932-49d8-8f72-11538aa82a4c,2020-2021,7,7,B,active,32.205128205128204,15.04935649468719,42.64356516226086,24.07950952806019,2.0,2.0,4.0
fbd355cf-e932-49d8-8f72-11538aa82a4c,2021-2022,8,7,B,active,39.48717948717949,11.504854341290248,48.95759434854926,23.802213119312697,1.0,2.0,3.0
fbd355cf-e932-49d8-8f72-11538aa82a4c,2022-2023,9,7,B,active,63.17948717948718,11.018815952417588,42.626721737257235,22.16312187347646,1.0,2.0,3.0
fbd355cf-e932-49d8-8f72-11538aa82a4c,2023-2024,10,7,B,active,79.17948717948718,11.541394139247775,44.52321759109901,20.205065437395803,2.0,2.0,4.0
fbd355cf-e932-49d8-8f72-11538aa82a4c,2024-2025,11,7,B,active,88.61538461538461,7.080794575601128,57.94638829926997,26.70332978942495,2.0,2.0,4.0
56d5dd14-c8ad-41d3-8e61-2a2190c0eff2,2020-2021,7,7,B,active,49.333333333333336,14.461079040567611,50.87085500603113,26.53282619808583,4.0,1.0,5.0
56d5dd14-c8ad-41d3-8e61-2a2190c0eff2,2021-2022,8,7,B,active,58.35897435897436,10.690593946099433,58.72366329372779,26.178791364445008,1.0,1.0,2.0
56d5dd14-c8ad-41d3-8e61-2a2190c0eff2,2022-2023,9,7,B,active,73.94871794871794,12.307354921151646,46.08604447401264,22.2787705592701,3.0,1.0,4.0
56d5dd14-c8ad-41d3-8e61-2a2190c0eff2,2023-2024,10,7,B,active,68.3076923076923,10.397757466102323,53.30604342835735,25.893889617002618,1.0,1.0,2.0
56d5dd14-c8ad-41d3-8e61-2a2190c0eff2,2024-2025,11,7,B,active,37.23076923076923,12.248440370021637,44.567362846725196,24.170877068710784,2.0,1.0,3.0
4e4a7c1c-d98c-4566-a7b1-109714c9755e,2020-2021,7,7,B,active,66.97435897435898,12.67298656174077,47.08885494708503,21.9053895537162,2.0,1.0,3.0
4e4a7c1c-d98c-4566-a7b1-109714c9755e,2021-2022,8,7,B,active,82.05128205128206,6.7976339457533905,52.43492232758069,21.36372446560055,2.0,1.0,3.0
4e4a7c1c-d98c-4566-a7b1-109714c9755e,2022-2023,9,7,B,active,46.666666666666664,11.65588474217238,47.329249327297504,20.959729532814496,2.0,1.0,3.0
4e4a7c1c-d98c-4566-a7b1-109714c9755e,2023-2024,10,7,B,active,54.666666666666664,13.466006584482772,51.13840568587703,23.54356496314552,1.0,1.0,2.0
4e4a7c1c-d98c-4566-a7b1-109714c9755e,2024-2025,11,7,B,active,68.0,11.929618161269211,56.33136915749288,26.279162046695408,1.0,1.0,2.0
49fc80cc-3234-4c1f-a200-300cc8db2a43,2020-2021,7,7,B,active,58.05128205128205,11.889731788282736,52.27588993602095,25.021940364799004,1.0,0.0,1.0
49fc80cc-3234-4c1f-a200-300cc8db2a43,2021-2022,8,7,B,active,68.41025641025641,14.357682610105421,46.291572515052785,20.934628453648816,,,
49fc80cc-3234-4c1f-a200-300cc8db2a43,2022-2023,9,7,B,active,67.7948717948718,14.478985656496302,43.361251594223695,27.052736156021243,2.0,0.0,2.0
49fc80cc-3234-4c1f-a200-300cc8db2a43,2023-2024,10,7,B,active,76.3076923076923,11.365121728465294,45.20929944051884,19.485158858408592,2.0,0.0,2.0
49fc80cc-3234-4c1f-a200-300cc8db2a43,2024-2025,11,7,B,active,32.30769230769231,12.528186843555797,57.67299495398754,21.84221167529794,5.0,0.0,5.0
9a3cec5e-3ffe-4a65-8561-00949c366800,2020-2021,7,7,B,active,51.282051282051285,12.843078656059145,54.52867426734403,24.607597079696582,2.0,0.0,2.0
9a3cec5e-3ffe-4a65-8561-00949c366800,2021-2022,8,7,B,active,45.43589743589744,12.497989042020599,46.417849608211554,22.983055664875664,4.0,0.0,4.0
9a3cec5e-3ffe-4a65-8561-00949c366800,2022-2023,9,7,B,active,28.615384615384617,13.027532352302314,40.116298888110926,22.274156084305687,4.0,0.0,4.0
9a3cec5e-3ffe-4a65-8561-00949c366800,2023-2024,10,7,B,active,88.41025641025641,7.611341775057413,35.792358701717134,21.963410545798464,2.0,0.0,2.0
9a3cec5e-3ffe-4a65-8561-00949c366800,2024-2025,11,7,B,active,44.717948717948715,9.835351699351301,51.38713476194616,22.50037193689257,1.0,0.0,1.0
efa07c9b-2a3f-4671-804b-2f772c849ab4,2020-2021,7,7,C,active,68.61538461538461,13.53478050803964,61.42221040638029,22.069925331477272,2.0,0.0,2.0
efa07c9b-2a3f-4671-804b-2f772c849ab4,2021-2022,8,7,C,active,66.25641025641026,11.78026438072983,36.90812146907004,21.1331781065118,1.0,0.0,1.0
efa07c9b-2a3f-4671-804b-2f772c849ab4,2022-2023,9,7,C,active,51.69230769230769,15.71816556551493,60.80815212068144,23.398543464560426,3.0,0.0,3.0
efa07c9b-2a3f-4671-804b-2f772c849ab4,2023-2024,10,7,C,active,80.41025641025641,12.338894322037868,70.12217262580559,22.409442739557864,1.0,0.0,1.0
efa07c9b-2a3f-4671-804b-2f772c849ab4,2024-2025,11,7,C,active,63.69230769230769,16.476704202495053,43.846907720808424,19.426399747777452,2.0,0.0,2.0
29e520fb-cc47-4916-8890-19befc5337be,2020-2021,7,7,C,active,75.48717948717949,13.240432086429719,34.65858959556573,22.292998402723644,2.0,0.0,2.0
29e520fb-cc47-4916-8890-19befc5337be,2021-2022,8,7,C,active,72.51282051282051,13.240432086429717,57.49597621475396,22.607787910722514,,,
29e520fb-cc47-4916-8890-19befc5337be,2022-2023,9,7,C,active,11.076923076923077,6.709712580653495,53.827617130093785,27.969365274632274,3.0,0.0,3.0
29e520fb-cc47-4916-8890-19befc5337be,2023-2024,10,7,C,active,51.282051282051285,11.308936191648382,48.70672061725014,26.21101927114917,,,
29e520fb-cc47-4916-8890-19befc5337be,2024-2025,11,7,C,active,69.53846153846153,13.09448689504611,50.92821326070545,24.805083817845468,1.0,0.0,1.0
d5ba05f6-6b12-43f3-97f6-3aabb2c83765,2020-2021,7,7,C,active,70.46153846153847,11.986497126363645,53.88057702070652,29.001315958812206,1.0,3.0,4.0
d5ba05f6-6b12-43f3-97f6-3aabb2c83765,2021-2022,8,7,C,active,53.64102564102564,13.756313726483214,42.92267477871768,25.50678997425383,2.0,3.0,5.0
d5ba05f6-6b12-43f3-97f6-3aabb2c83765,2022-2023,9,7,C,active,83.8974358974359,8.96717661308488,54.98446432437917,24.04369187090357,2.0,3.0,5.0
d5ba05f6-6b12-43f3-97f6-3aabb2c83765,2023-2024,10,7,C,active,75.8974358974359,10.279757502246504,48.68640816262318,24.71536122907936,2.0,3.0,5.0
d5ba05f6-6b12-43f3-97f6-3aabb2c83765,2024-2025,11,7,C,active,57.43589743589744,13.931779029850144,50.015349635043684,23.624703825745076,2.0,3.0,5.0
93d199eb-9ff4-4889-91d8-a707ff7c3356,2020-2021,7,7,C,active,57.64102564102564,12.805194627442946,53.19776155426187,22.036587968635626,4.0,3.0,7.0
93d199eb-9ff4-4889-91d8-a707ff7c3356,2021-2022,8,7,C,active,59.282051282051285,13.070554931135375,46.07575166308936,24.145025572720378,0.0,3.0,3.0
93d199eb-9ff4-4889-91d8-a707ff7c3356,2022-2023,9,7,C,active,29.435897435897434,10.799110274742354,51.90869668643932,22.941298093558018,0.0,3.0,3.0
93d199eb-9ff4-4889-91d8-a707ff7c3356,2023-2024,10,7,C,active,40.61538461538461,12.295945811559585,46.00415175166212,22.712770930673322,0.0,3.0,3.0
93d199eb-9ff4-4889-91d8-a707ff7c3356,2024-2025,11,7,C,active,38.76923076923077,12.7206039629487,44.00100630456735,21.144835550025977,4.0,3.0,7.0
996d7e81-e984-490e-9d1f-6181f10e7738,2020-2021,7,7,C,active,22.05128205128205,13.420229659084235,48.665376534481574,21.248737695958596,4.0,1.0,5.0
996d7e81-e984-490e-9d1f-6181f10e7738,2021-2022,8,7,C,active,61.64102564102564,12.438241497573392,44.8880868706496,24.121327277241427,4.0,1.0,5.0
996d7e81-e984-490e-9d1f-6181f10e7738,2022-2023,9,7,C,active,86.56410256410257,8.232780664082336,47.82471622526799,28.435873706736654,1.0,1.0,2.0
996d7e81-e984-490e-9d1f-6181f10e7738,2023-2024,10,7,C,active,61.84615384615385,12.408694875047267,58.89303127383131,21.128030320415,3.0,1.0,4.0
996d7e81-e984-490e-9d1f-6181f10e7738,2024-2025,11,7,C,active,43.282051282051285,13.198781279362837,31.965350646024053,22.45845673595958,3.0,1.0,4.0
34925bb9-e8fe-433e-b34b-5d8be686f146,2020-2021,7,7,C,active,44.82051282051282,14.427444233075915,45.484831989227445,22.150413518117617,4.0,1.0,5.0
34925bb9-e8fe-433e-b34b-5d8be686f146,2021-2022,8,7,C,active,83.58974358974359,9.91733715511947,48.44829101254423,23.985274571811686,2.0,1.0,3.0
34925bb9-e8fe-433e-b34b-5d8be686f146,2022-2023,9,7,C,active,73.43589743589743,9.558118268326094,58.7566466154064,24.0423084627329,1.0,1.0,2.0
34925bb9-e8fe-433e-b34b-5d8be686f146,2023-2024,10,7,C,active,80.92307692307692,12.327514402183123,39.75826262756419,24.58137358806385,2.0,1.0,3.0
34925bb9-e8fe-433e-b34b-5d8be686f146,2024-2025,11,7,C,active,68.92307692307692,14.464811413591582,52.375165276802896,26.73596951551688,0.0,1.0,1.0
84257923-b319-4277-9374-d74cfcdeb477,2020-2021,7,7,C,active,38.87179487179487,11.274515947549677,54.29016066009855,23.3779648786194,3.0,1.0,4.0
84257923-b319-4277-9374-d74cfcdeb477,2021-2022,8,7,C,active,84.61538461538461,10.322727568498612,40.03094684139405,22.11017209937521,2.0,1.0,3.0
84257923-b319-4277-9374-d74cfcdeb477,2022-2023,9,7,C,active,88.51282051282051,7.35159057215653,55.64095538016005,21.947244179918464,3.0,1.0,4.0
84257923-b319-4277-9374-d74cfcdeb477,2023-2024,10,7,C,active,78.05128205128206,10.65721578617466,44.453967098038525,21.69217786501434,4.0,1.0,5.0
84257923-b319-4277-9374-d74cfcdeb477,2024-2025,11,7,C,active,55.282051282051285,14.153200712854797,50.67555899549928,23.92402204083656,0.0,1.0,1.0
521bce69-290f-4367-906c-4f6f56af0f02,2020-2021,7,7,C,active,77.94871794871794,12.810252304406967,58.20922737332561,24.46053384572475,4.0,1.0,5.0
521bce69-290f-4367-906c-4f6f56af0f02,2021-2022,8,7,C,active,75.8974358974359,10.953958361189686,58.480074102608086,23.539571380572834,1.0,1.0,2.0
521bce69-290f-4367-906c-4f6f56af0f02,2022-2023,9,7,C,active,81.02564102564102,9.07131737513234,53.25234780828467,23.19691056590034,0.0,1.0,1.0
521bce69-290f-4367-906c-4f6f56af0f02,2023-2024,10,7,C,active,86.76923076923077,9.365281737582238,72.7448709233432,17.35143574377514,1.0,1.0,2.0
521bce69-290f-4367-906c-4f6f56af0f02,2024-2025,11,7,C,active,42.87179487179487,11.71409292303278,44.696559263265556,23.222444854590535,5.0,1.0,6.0
5bd66aaf-ad45-4f65-a309-d4cb01496d93,2020-2021,7,7,C,active,52.51282051282051,10.787106813891524,54.92201271293343,24.98860610599978,1.0,1.0,2.0
5bd66aaf-ad45-4f65-a309-d4cb01496d93,2021-2022,8,7,C,active,78.05128205128206,12.64484233934036,64.6063437947361,22.24563146039553,4.0,1.0,5.0
5bd66aaf-ad45-4f65-a309-d4cb01496d93,2022-2023,9,7,C,active,83.8974358974359,11.331824937328337,56.243021520678035,24.793021129917665,1.0,1.0,2.0
5bd66aaf-ad45-4f65-a309-d4cb01496d93,2023-2024,10,7,C,active,36.30769230769231,12.628609637506349,40.19722058553356,21.735409443634193,1.0,1.0,2.0
5bd66aaf-ad45-4f65-a309-d4cb01496d93,2024-2025,11,7,C,active,48.717948717948715,13.882872291061837,52.90952483130164,20.438048357641563,5.0,1.0,6.0
6f92f258-6eb1-4bbb-82c1-63b20db970a7,2020-2021,7,7,C,active,47.794871794871796,14.738384341896053,42.32380919272065,25.53560545822388,1.0,0.0,1.0
6f92f258-6eb1-4bbb-82c1-63b20db970a7,2021-2022,8,7,C,active,86.05128205128206,6.67260194632821,53.264689604362154,24.07684855653191,3.0,0.0,3.0
6f92f258-6eb1-4bbb-82c1-63b20db970a7,2022-2023,9,7,C,active,83.6923076923077,9.984603532054125,33.63535964328651,21.97935516012378,2.0,0.0,2.0
6f92f258-6eb1-4bbb-82c1-63b20db970a7,2023-2024,10,7,C,active,27.692307692307693,10.397757466102325,45.12694377551029,23.778627780577175,,,
6f92f258-6eb1-4bbb-82c1-63b20db970a7,2024-2025,11,7,C,active,76.51282051282051,10.942124769300365,47.05140013408879,24.21784169315651,1.0,0.0,1.0
cf47bf4f-e961-4332-87e6-71b3f045a214,2020-2021,7,7,C,active,41.43589743589744,13.931779029850142,55.51989493469253,24.011132133752813,4.0,1.0,5.0
cf47bf4f-e961-4332-87e6-71b3f045a214,2021-2022,8,7,C,active,72.82051282051282,10.748002984329094,52.674658936467765,29.89219358063851,1.0,1.0,2.0
cf47bf4f-e961-4332-87e6-71b3f045a214,2022-2023,9,7,C,active,64.1025641025641,13.025874799989182,49.659574409529,27.9292516577305,2.0,1.0,3.0
cf47bf4f-e961-4332-87e6-71b3f045a214,2023-2024,10,7,C,active,59.8974358974359,14.11194878517916,59.13504034101927,20.14552764141505,0.0,1.0,1.0
cf47bf4f-e961-4332-87e6-71b3f045a214,2024-2025,11,7,C,active,43.8974358974359,12.598652542392802,56.699976049889685,21.572471040343252,2.0,1.0,3.0
cd857b15-3bd1-48b9-bd9a-e29e02440100,2020-2021,7,7,C,active,44.51282051282051,15.027819456755239,40.071106365416334,23.098136318162393,2.0,1.0,3.0
cd857b15-3bd1-48b9-bd9a-e29e02440100,2021-2022,8,7,C,active,72.41025641025641,14.416215191888597,53.03316710489549,20.76396905866652,2.0,1.0,3.0
cd857b15-3bd1-48b9-bd9a-e29e02440100,2022-2023,9,7,C,active,73.74358974358974,11.636417310635625,42.6125789463856,19.97312591985743,0.0,1.0,1.0
cd857b15-3bd1-48b9-bd9a-e29e02440100,2023-2024,10,7,C,active,58.56410256410256,12.698518089659686,62.58789024243126,21.46117580871265,3.0,1.0,4.0
cd857b15-3bd1-48b9-bd9a-e29e02440100,2024-2025,11,7,C,active,28.205128205128204,11.009994232943388,67.29374445085183,21.911101603218686,2.0,1.0,3.0
83ec235e-27d0-40b2-a3a0-29de0df2f9cb,2020-2021,7,7,C,active,12.102564102564102,7.3118320542257935,40.94898245305041,22.805387281526226,3.0,0.0,3.0
83ec235e-27d0-40b2-a3a0-29de0df2f9cb,2021-2022,8,7,C,active,42.35897435897436,13.509231111953314,41.42595260300713,23.54129344197617,3.0,0.0,3.0
83ec235e-27d0-40b2-a3a0-29de0df2f9cb,2022-2023,9,7,C,active,54.666666666666664,12.42521488394791,43.06651355596767,23.970512539818742,,,
83ec235e-27d0-40b2-a3a0-29de0df2f9cb,2023-2024,10,7,C,active,51.58974358974359,17.187385136409215,56.171449040053176,23.556443749283005,2.0,0.0,2.0
83ec235e-27d0-40b2-a3a0-29de0df2f9cb,2024-2025,11,7,C,active,25.333333333333332,10.19115543610277,47.83423689950207,24.162182605551504,3.0,0.0,3.0
4c0bdb49-934f-4369-a92d-8d023fc8b64c,2020-2021,7,7,C,active,78.15384615384616,9.704959289858651,47.415762514367266,22.619319821576184,1.0,1.0,2.0
4c0bdb49-934f-4369-a92d-8d023fc8b64c,2021-2022,8,7,C,active,81.53846153846153,9.824368611950682,54.87407731742425,25.187027447085587,2.0,1.0,3.0
4c0bdb49-934f-4369-a92d-8d023fc8b64c,2022-2023,9,7,C,active,38.256410256410255,14.061365413818983,50.16526277807114,27.30921972041484,1.0,1.0,2.0
4c0bdb49-934f-4369-a92d-8d023fc8b64c,2023-2024,10,7,C,active,18.05128205128205,8.74777781691688,51.03691668680569,20.795548856407894,0.0,1.0,1.0
4c0bdb49-934f-4369-a92d-8d023fc8b64c,2024-2025,11,7,C,active,86.05128205128206,9.170745013496125,58.20016253258244,26.27746095122839,2.0,1.0,3.0
e3230b45-b2f2-4775-a8dc-a72a056a7021,2020-2021,7,7,C,active,55.282051282051285,13.005967694928026,51.49351491111017,25.38946158398282,2.0,0.0,2.0
e3230b45-b2f2-4775-a8dc-a72a056a7021,2021-2022,8,7,C,active,37.94871794871795,13.514025303070799,60.528448861299125,20.09332542023113,1.0,0.0,1.0
e3230b45-b2f2-4775-a8dc-a72a056a7021,2022-2023,9,7,C,active,56.61538461538461,12.897603581194915,58.96678174949642,22.35533562262468,1.0,0.0,1.0
e3230b45-b2f2-4775-a8dc-a72a056a7021,2023-2024,10,7,C,active,64.51282051282051,10.90357689952149,52.0337459262942,20.753601081916923,2.0,0.0,2.0
e3230b45-b2f2-4775-a8dc-a72a056a7021,2024-2025,11,7,C,active,63.8974358974359,12.731632532262788,53.43741800759102,28.409012867628256,2.0,0.0,2.0
78cc566f-7440-496a-9c4f-f6ac72c7f455,2021-2022,7,7,A,active,86.15384615384616,8.301992346604335,47.051196878551906,22.557643692530444,1.0,0.0,1.0
78cc566f-7440-496a-9c4f-f6ac72c7f455,2022-2023,8,7,A,active,48.0,14.711255984163248,58.76012739248654,28.879917367318857,4.0,0.0,4.0
78cc566f-7440-496a-9c4f-f6ac72c7f455,2023-2024,9,7,A,active,60.51282051282051,12.386052841533187,56.75880447467363,21.743073167443796,2.0,0.0,2.0
78cc566f-7440-496a-9c4f-f6ac72c7f455,2024-2025,10,7,A,active,72.41025641025641,12.541967336481374,50.91624619109613,21.47372142706497,2.0,0.0,2.0
f6020ce7-568e-4f5d-abdc-50338dac574a,2021-2022,7,7,A,active,64.41025641025641,12.30472298864385,49.243543547956506,27.98603396551526,1.0,0.0,1.0
f6020ce7-568e-4f5d-abdc-50338dac574a,2022-2023,8,7,A,active,66.97435897435898,12.805194627442944,52.46157061812458,25.145953026546078,3.0,0.0,3.0
f6020ce7-568e-4f5d-abdc-50338dac574a,2023-2024,9,7,A,active,29.641025641025642,13.509231111953314,48.40950340883576,26.871844787507893,1.0,0.0,1.0
f6020ce7-568e-4f5d-abdc-50338dac574a,2024-2025,10,7,A,active,67.07692307692308,11.515172177757515,49.3487409587957,23.421904913148705,1.0,0.0,1.0
ec1f6046-2425-416d-a7fc-8df97b95de0d,2021-2022,7,7,A,active,35.38461538461539,11.663292359534148,57.508269604691506,20.18593710165987,2.0,1.0,3.0
ec1f6046-2425-416d-a7fc-8df97b95de0d,2022-2023,8,7,A,active,51.794871794871796,15.57186985895347,47.57292652836401,17.939614352671466,2.0,1.0,3.0
ec1f6046-2425-416d-a7fc-8df97b95de0d,2023-2024,9,7,A,active,38.87179487179487,14.795410894455161,43.42546838021441,25.428043717907144,1.0,1.0,2.0
ec1f6046-2425-416d-a7fc-8df97b95de0d,2024-2025,10,7,A,active,46.97435897435897,15.88691480679218,41.241779112188155,23.225971300243046,2.0,1.0,3.0
d24ae3d3-10d6-4821-87fa-5b24ac2c9084,2021-2022,7,7,A,active,64.3076923076923,13.623033602484174,38.74309457859177,20.925247253036733,2.0,2.0,4.0
d24ae3d3-10d6-4821-87fa-5b24ac2c9084,2022-2023,8,7,A,active,76.41025641025641,9.121166674909025,44.447631273245776,26.851929454465342,7.0,2.0,9.0
d24ae3d3-10d6-4821-87fa-5b24ac2c9084,2023-2024,9,7,A,active,52.717948717948715,13.166841762446339,43.46828241655425,19.305745031349673,3.0,2.0,5.0
d24ae3d3-10d6-4821-87fa-5b24ac2c9084,2024-2025,10,7,A,active,60.1025641025641,11.981992786974065,48.44638753396868,19.97029367631921,3.0,2.0,5.0
9db4c1e5-1ecc-4b66-b1da-417ad7dfb15c,2021-2022,7,7,A,active,35.794871794871796,13.169301398526658,49.69921150801383,26.487083544231293,4.0,2.0,6.0
9db4c1e5-1ecc-4b66-b1da-417ad7dfb15c,2022-2023,8,7,A,active,21.435897435897434,11.219801273676051,59.76753976496757,21.505018697199887,6.0,2.0,8.0
9db4c1e5-1ecc-4b66-b1da-417ad7dfb15c,2023-2024,9,7,A,active,60.41025641025641,14.298910427239127,56.87673679155122,21.11636416818712,2.0,2.0,4.0
9db4c1e5-1ecc-4b66-b1da-417ad7dfb15c,2024-2025,10,7,A,active,58.56410256410256,10.91545228176641,38.724826508184854,22.20291134992455,0.0,2.0,2.0
67ee3988-3720-4bdb-83f0-8dc248349f24,2021-2022,7,7,A,active,44.717948717948715,10.005126890877701,57.03509454261812,26.477359196988306,3.0,1.0,4.0
67ee3988-3720-4bdb-83f0-8dc248349f24,2022-2023,8,7,A,active,41.23076923076923,14.280022000686166,52.56375186511823,19.02014999324874,1.0,1.0,2.0
67ee3988-3720-4bdb-83f0-8dc248349f24,2023-2024,9,7,A,active,84.51282051282051,8.369341906065301,47.245686640403896,24.804279752445424,3.0,1.0,4.0
67ee3988-3720-4bdb-83f0-8dc248349f24,2024-2025,10,7,A,active,56.41025641025641,13.417816021045635,64.31520169175762,21.233592303545272,2.0,1.0,3.0
b0909786-c8bc-4bd1-8a2d-4aefdac2fa13,2021-2022,7,7,A,active,33.12820512820513,11.124130923309037,43.6449395565635,23.73962680344376,3.0,2.0,5.0
b0909786-c8bc-4bd1-8a2d-4aefdac2fa13,2022-2023,8,7,A,active,29.23076923076923,11.356569020572557,58.47905694809784,20.1853003298927,3.0,2.0,5.0
b0909786-c8bc-4bd1-8a2d-4aefdac2fa13,2023-2024,9,7,A,active,84.71794871794872,9.835351699351303,56.26207083853871,24.016181973581105,1.0,2.0,3.0
b0909786-c8bc-4bd1-8a2d-4aefdac2fa13,2024-2025,10,7,A,active,88.41025641025641,7.72118735318927,60.306740937798935,24.70373410048119,1.0,2.0,3.0
f6100086-913b-4d0e-9e39-592e5bf88749,2021-2022,7,7,A,active,83.17948717948718,9.76263498423236,54.57664459335294,24.561699441785155,1.0,0.0,1.0
f6100086-913b-4d0e-9e39-592e5bf88749,2022-2023,8,7,A,active,33.743589743589745,12.236094037761584,52.69656998272161,23.695544125414862,2.0,0.0,2.0
f6100086-913b-4d0e-9e39-592e5bf88749,2023-2024,9,7,A,active,60.717948717948715,13.00596769492803,51.37416830690965,26.42042613766549,,,
f6100086-913b-4d0e-9e39-592e5bf88749,2024-2025,10,7,A,active,80.92307692307692,11.293651256544688,49.07514923084583,26.619413055631792,2.0,0.0,2.0
ee20c4c4-75ee-417b-a3ed-8476ece5214c,2021-2022,7,7,A,active,59.794871794871796,14.623664108451585,61.63852450809683,22.347803610375266,1.0,0.0,1.0
ee20c4c4-75ee-417b-a3ed-8476ece5214c,2022-2023,8,7,A,active,65.23076923076923,12.6874607356645,54.917201055273544,27.130232679891822,3.0,0.0,3.0
ee20c4c4-75ee-417b-a3ed-8476ece5214c,2023-2024,9,7,A,active,37.84615384615385,14.563000091324554,54.659466419228394,24.912636919054222,2.0,0.0,2.0
ee20c4c4-75ee-417b-a3ed-8476ece5214c,2024-2025,10,7,A,active,55.38461538461539,13.781405062840033,46.98664268008852,25.999433810557473,,,
9ec48c00-d310-4f85-b92b-a773675a9e9d,2021-2022,7,7,A,active,54.35897435897436,14.178351139171333,43.10492037596969,21.11334118963601,1.0,0.0,1.0
9ec48c00-d310-4f85-b92b-a773675a9e9d,2022-2023,8,7,A,active,54.76923076923077,14.54296997550714,48.96500511257893,22.93302320410344,2.0,0.0,2.0
9ec48c00-d310-4f85-b92b-a773675a9e9d,2023-2024,9,7,A,active,57.64102564102564,13.725671643976936,53.70676246166888,22.69017656825232,2.0,0.0,2.0
9ec48c00-d310-4f85-b92b-a773675a9e9d,2024-2025,10,7,A,active,81.74358974358974,9.789139924367177,44.60840986234047,20.503986970969834,5.0,0.0,5.0
52157191-7429-4a41-a49b-1101471da785,2021-2022,7,7,A,active,46.666666666666664,13.652324524134366,60.05311766957703,24.254966566120785,3.0,1.0,4.0
52157191-7429-4a41-a49b-1101471da785,2022-2023,8,7,A,active,46.76923076923077,13.30306956754825,47.27924305953172,25.027085266650737,3.0,1.0,4.0
52157191-7429-4a41-a49b-1101471da785,2023-2024,9,7,A,active,82.25641025641026,10.292352676464898,54.69188943563329,26.936293479327205,1.0,1.0,2.0
52157191-7429-4a41-a49b-1101471da785,2024-2025,10,7,A,active,77.23076923076923,10.668353442878912,56.80572892611357,23.831096273674454,1.0,1.0,2.0
3fd95f96-814d-4af5-928a-a953faf71fc3,2021-2022,7,7,A,active,41.64102564102564,14.02908103582881,49.5994747699552,23.018909193966564,2.0,0.0,2.0
3fd95f96-814d-4af5-928a-a953faf71fc3,2022-2023,8,7,A,active,64.61538461538461,9.648057848236345,51.23640542742044,22.802365901720044,3.0,0.0,3.0
3fd95f96-814d-4af5-928a-a953faf71fc3,2023-2024,9,7,A,active,54.87179487179487,13.578581212567416,53.92670227766947,22.01106032506936,1.0,0.0,1.0
3fd95f96-814d-4af5-928a-a953faf71fc3,2024-2025,10,7,A,active,67.7948717948718,13.422642863106331,56.52919655026026,21.006242761045364,3.0,0.0,3.0
14ac5727-d0c0-4576-be13-15e37dca799e,2021-2022,7,7,A,active,69.53846153846153,11.111506965508072,50.42674268414085,24.006522325393345,4.0,0.0,4.0
14ac5727-d0c0-4576-be13-15e37dca799e,2022-2023,8,7,A,active,62.35897435897436,14.17835113917133,46.94424476086833,21.18749557232485,,,
14ac5727-d0c0-4576-be13-15e37dca799e,2023-2024,9,7,A,active,79.17948717948718,8.419500531728621,41.50460087125117,21.55075192578394,2.0,0.0,2.0
14ac5727-d0c0-4576-be13-15e37dca799e,2024-2025,10,7,A,active,29.53846153846154,12.434769068276921,59.83171082523957,27.490279340895334,1.0,0.0,1.0
ec19a40a-6c78-445f-883a-fcfe4a80b6f0,2021-2022,7,7,A,active,77.53846153846153,12.768889317906844,52.161705391414195,22.19687026419557,2.0,2.0,4.0
ec19a40a-6c78-445f-883a-fcfe4a80b6f0,2022-2023,8,7,A,active,48.717948717948715,14.242169996451638,53.56480286827132,23.709345692026723,0.0,2.0,2.0
ec19a40a-6c78-445f-883a-fcfe4a80b6f0,2023-2024,9,7,A,active,76.71794871794872,11.456895689470432,47.888203057330706,20.20245470600552,2.0,2.0,4.0
ec19a40a-6c78-445f-883a-fcfe4a80b6f0,2024-2025,10,7,A,active,62.05128205128205,14.476748540783955,40.915058969818794,21.698265955134563,3.0,2.0,5.0
bef72d33-3724-48b9-a64b-cb1f36e353a4,2021-2022,7,7,A,active,29.333333333333332,13.149611427785784,58.53272022073396,20.2043205744206,0.0,3.0,3.0
bef72d33-3724-48b9-a64b-cb1f36e353a4,2022-2023,8,7,A,active,57.02564102564103,13.633332178480755,55.75344120441194,23.82682148815569,0.0,3.0,3.0
bef72d33-3724-48b9-a64b-cb1f36e353a4,2023-2024,9,7,A,active,67.07692307692308,13.121666725375322,47.3157861454121,27.413051957046232,4.0,3.0,7.0
bef72d33-3724-48b9-a64b-cb1f36e353a4,2024-2025,10,7,A,active,60.205128205128204,12.943560657065385,45.84750852897074,23.140653607486183,3.0,3.0,6.0
7e5ac33b-6789-4290-88a8-f72247e16762,2021-2022,7,7,B,active,76.2051282051282,11.124130923309039,53.90740469242428,22.380791613154926,1.0,1.0,2.0
7e5ac33b-6789-4290-88a8-f72247e16762,2022-2023,8,7,B,active,68.82051282051282,11.132862200832546,50.94366061954738,20.5965107148863,2.0,1.0,3.0
7e5ac33b-6789-4290-88a8-f72247e16762,2023-2024,9,7,B,active,85.43589743589743,8.025600065431645,55.904424926369536,25.067994043924674,2.0,1.0,3.0
7e5ac33b-6789-4290-88a8-f72247e16762,2024-2025,10,7,B,active,59.794871794871796,12.137760755894861,41.5008385845385,25.002483052951643,0.0,1.0,1.0
ae419971-bc36-490f-9d81-300475aa8ed0,2021-2022,7,7,B,active,85.23076923076923,6.815082107323041,58.33260335231412,21.22699097924419,2.0,2.0,4.0
ae419971-bc36-490f-9d81-300475aa8ed0,2022-2023,8,7,B,active,42.15384615384615,11.233264655380188,53.04478540665733,22.985394917534634,1.0,2.0,3.0
ae419971-bc36-490f-9d81-300475aa8ed0,2023-2024,9,7,B,active,61.12820512820513,11.2371083730822,49.48167577750508,27.248953494972316,3.0,2.0,5.0
ae419971-bc36-490f-9d81-300475aa8ed0,2024-2025,10,7,B,active,70.15384615384616,11.602038073088396,44.64569275377635,23.781534040692968,5.0,2.0,7.0
e46ae8d3-4dd1-4756-a1f4-22e3a5fd4cd8,2021-2022,7,7,B,active,43.58974358974359,10.614582691844147,52.378962947818486,24.53840581690177,4.0,0.0,4.0
e46ae8d3-4dd1-4756-a1f4-22e3a5fd4cd8,2022-2023,8,7,B,active,69.53846153846153,16.251066610899816,41.39332626466637,25.018810175295513,,,
e46ae8d3-4dd1-4756-a1f4-22e3a5fd4cd8,2023-2024,9,7,B,active,45.64102564102564,13.908511554340384,47.945699341513176,20.999783806024478,1.0,0.0,1.0
e46ae8d3-4dd1-4756-a1f4-22e3a5fd4cd8,2024-2025,10,7,B,active,72.1025641025641,12.96106491684528,52.300204881220274,20.05392731511825,1.0,0.0,1.0
18fa0dd5-5ce5-4052-aef6-e8eb71641a27,2021-2022,7,7,B,active,66.05128205128206,13.357333325789558,49.63878897955158,27.448600111805945,,,
18fa0dd5-5ce5-4052-aef6-e8eb71641a27,2022-2023,8,7,B,active,66.56410256410257,11.294607170995304,59.47308924832776,26.264645900882954,3.0,0.0,3.0
18fa0dd5-5ce5-4052-aef6-e8eb71641a27,2023-2024,9,7,B,active,75.8974358974359,10.030991113845426,34.8058843986324,20.30448440922483,4.0,0.0,4.0
18fa0dd5-5ce5-4052-aef6-e8eb71641a27,2024-2025,10,7,B,active,70.87179487179488,13.671290485384414,59.88021707807349,20.804715061372644,,,
5426a1ee-dafa-4e48-9929-e30bf8232333,2021-2022,7,7,B,active,68.2051282051282,13.640457407015521,43.338767514425584,21.026886470278118,1.0,1.0,2.0
5426a1ee-dafa-4e48-9929-e30bf8232333,2022-2023,8,7,B,active,59.69230769230769,11.97838809592168,56.09027275474724,24.922304296310053,2.0,1.0,3.0
5426a1ee-dafa-4e48-9929-e30bf8232333,2023-2024,9,7,B,active,36.30769230769231,14.257322857420627,56.39861217542354,22.836578659566694,2.0,1.0,3.0
5426a1ee-dafa-4e48-9929-e30bf8232333,2024-2025,10,7,B,active,72.3076923076923,13.151253384641501,41.29982207778381,22.671651605455203,2.0,1.0,3.0
da8ba648-e39c-42ff-9399-5d3153ce58a1,2021-2022,7,7,B,active,28.82051282051282,11.758248604975583,54.02212719434578,23.226480067047188,1.0,1.0,2.0
da8ba648-e39c-42ff-9399-5d3153ce58a1,2022-2023,8,7,B,active,33.333333333333336,12.357255131539727,64.31962048011003,22.01120263688725,3.0,1.0,4.0
da8ba648-e39c-42ff-9399-5d3153ce58a1,2023-2024,9,7,B,active,60.61538461538461,9.062982501465086,62.22125082600325,23.78708382782269,2.0,1.0,3.0
da8ba648-e39c-42ff-9399-5d3153ce58a1,2024-2025,10,7,B,active,71.38461538461539,10.403985533426942,54.492600571548614,21.275662968943237,2.0,1.0,3.0
b652ac57-058f-49e6-b41e-fa934e4befce,2021-2022,7,7,B,active,49.743589743589745,14.648006777855564,49.32113623122744,25.292210909844353,1.0,0.0,1.0
b652ac57-058f-49e6-b41e-fa934e4befce,2022-2023,8,7,B,active,75.6923076923077,10.31645044565091,57.65976058070133,21.85611284229136,1.0,0.0,1.0
b652ac57-058f-49e6-b41e-fa934e4befce,2023-2024,9,7,B,active,60.1025641025641,12.961064916845276,46.713598644989496,25.866926783923468,,,
b652ac57-058f-49e6-b41e-fa934e4befce,2024-2025,10,7,B,active,53.94871794871795,15.241820443055795,47.03817119681879,25.904205894642367,3.0,0.0,3.0
54b967e4-0c0a-448a-a751-6cd1de807916,2021-2022,7,7,B,active,43.794871794871796,12.943560657065387,46.62663358208997,27.072348467426494,1.0,3.0,4.0
54b967e4-0c0a-448a-a751-6cd1de807916,2022-2023,8,7,B,active,49.43589743589744,10.238716181330323,54.26606121898305,22.43398683263939,1.0,3.0,4.0
54b967e4-0c0a-448a-a751-6cd1de807916,2023-2024,9,7,B,active,86.97435897435898,6.599390639681419,58.692533214596644,19.857790731272033,3.0,3.0,6.0
54b967e4-0c0a-448a-a751-6cd1de807916,2024-2025,10,7,B,active,63.48717948717949,13.367028947675294,36.310038558410774,19.334778512661607,1.0,3.0,4.0
daba6c3f-7726-4a59-ab61-d1bedf74a590,2021-2022,7,7,B,active,61.743589743589745,15.54063933643514,48.10690881562058,22.11383442745202,3.0,1.0,4.0
daba6c3f-7726-4a59-ab61-d1bedf74a590,2022-2023,8,7,B,active,71.6923076923077,9.899903896805862,50.02549884538365,20.926681922485766,1.0,1.0,2.0
daba6c3f-7726-4a59-ab61-d1bedf74a590,2023-2024,9,7,B,active,87.48717948717949,9.138904100117642,36.74929318184357,21.896371622090715,0.0,1.0,1.0
daba6c3f-7726-4a59-ab61-d1bedf74a590,2024-2025,10,7,B,active,64.41025641025641,15.15658263926749,43.69402951696687,20.801397538542805,1.0,1.0,2.0
471c3a81-405c-4136-8915-c4295fee9c98,2021-2022,7,7,B,active,63.8974358974359,15.61341338282209,56.155786768778704,21.68128212167341,2.0,0.0,2.0
471c3a81-405c-4136-8915-c4295fee9c98,2022-2023,8,7,B,active,64.92307692307692,10.64099474817882,39.163435324859265,21.871222759958226,2.0,0.0,2.0
471c3a81-405c-4136-8915-c4295fee9c98,2023-2024,9,7,B,active,87.58974358974359,8.981612645956032,38.987917878555386,24.692868858674014,1.0,0.0,1.0
471c3a81-405c-4136-8915-c4295fee9c98,2024-2025,10,7,B,active,45.12820512820513,14.12571281327533,51.61467083284809,22.959818767936696,2.0,0.0,2.0
6e067cce-f1bf-4385-9ad6-076662ee6f5b,2021-2022,7,7,B,active,18.46153846153846,9.066555528413067,55.748061991387296,21.879638432402803,1.0,2.0,3.0
6e067cce-f1bf-4385-9ad6-076662ee6f5b,2022-2023,8,7,B,active,55.58974358974359,11.080371333122912,53.486683717767264,19.709518280241717,2.0,2.0,4.0
6e067cce-f1bf-4385-9ad6-076662ee6f5b,2023-2024,9,7,B,active,78.56410256410257,9.861661202526395,53.34511147592379,22.8934041031387,1.0,2.0,3.0
6e067cce-f1bf-4385-9ad6-076662ee6f5b,2024-2025,10,7,B,active,72.61538461538461,10.994293698420352,44.00719739536786,24.26371332227754,2.0,2.0,4.0
59d908df-a651-43bb-bcae-898eef004728,2021-2022,7,7,B,active,35.282051282051285,12.810252304406971,39.82723889535773,16.295224671032663,2.0,1.0,3.0
59d908df-a651-43bb-bcae-898eef004728,2022-2023,8,7,B,active,77.33333333333333,8.32666399786453,53.67431739221811,25.106323554610963,2.0,1.0,3.0
59d908df-a651-43bb-bcae-898eef004728,2023-2024,9,7,B,active,82.97435897435898,8.930984443548436,50.863545784059895,24.175372138263374,0.0,1.0,1.0
59d908df-a651-43bb-bcae-898eef004728,2024-2025,10,7,B,active,74.05128205128206,12.777341618639076,49.24924089271154,20.457994320890755,0.0,1.0,1.0
23919cad-7526-4273-a672-d1533dd229f6,2021-2022,7,7,B,active,74.76923076923077,11.16965234925595,49.62632378294845,21.15054220611728,0.0,2.0,2.0
23919cad-7526-4273-a672-d1533dd229f6,2022-2023,8,7,B,active,49.53846153846154,12.997664069172613,48.43114448996075,24.832017841858455,3.0,2.0,5.0
23919cad-7526-4273-a672-d1533dd229f6,2023-2024,9,7,B,active,58.56410256410256,13.749248537924712,51.6379595731474,25.828206501951374,0.0,2.0,2.0
23919cad-7526-4273-a672-d1533dd229f6,2024-2025,10,7,B,active,29.53846153846154,13.753174090763565,45.690019156676264,20.971185064709882,2.0,2.0,4.0
0ca9da23-ab43-4841-9688-cccf1fd73445,2021-2022,7,7,B,active,29.025641025641026,10.769076536393158,49.75076885906123,22.011167657232495,2.0,1.0,3.0
0ca9da23-ab43-4841-9688-cccf1fd73445,2022-2023,8,7,B,active,46.76923076923077,11.935046884262945,45.72309573788362,24.36383173410377,0.0,1.0,1.0
0ca9da23-ab43-4841-9688-cccf1fd73445,2023-2024,9,7,B,active,61.23076923076923,12.144874462443077,55.45308245061169,22.445145263416414,0.0,1.0,1.0
0ca9da23-ab43-4841-9688-cccf1fd73445,2024-2025,10,7,B,active,69.02564102564102,15.098775097559852,49.81779978234374,26.13602267221701,4.0,1.0,5.0
9bca1601-707f-4a4e-b48c-b634c8dd3991,2021-2022,7,7,B,active,77.84615384615384,10.967748081338685,42.79039997375728,21.882570038214954,2.0,0.0,2.0
9bca1601-707f-4a4e-b48c-b634c8dd3991,2022-2023,8,7,B,active,67.48717948717949,11.829650070172239,51.08046827839133,23.52179626979981,,,
9bca1601-707f-4a4e-b48c-b634c8dd3991,2023-2024,9,7,B,active,40.205128205128204,13.264871469965692,44.82692288053868,17.828985003922565,1.0,0.0,1.0
9bca1601-707f-4a4e-b48c-b634c8dd3991,2024-2025,10,7,B,active,40.30769230769231,10.872838795907047,38.83686042316623,21.22263021979833,1.0,0.0,1.0
27a987e3-af22-4ec6-a8f6-224e27820252,2021-2022,7,7,C,active,65.84615384615384,12.476374434439682,55.05390403577003,23.798559278824417,1.0,1.0,2.0
27a987e3-af22-4ec6-a8f6-224e27820252,2022-2023,8,7,C,active,48.61538461538461,12.123520820496836,45.25671617055237,22.32620646080199,0.0,1.0,1.0
27a987e3-af22-4ec6-a8f6-224e27820252,2023-2024,9,7,C,active,32.717948717948715,15.515609657694165,51.26576932277717,22.10016562554605,1.0,1.0,2.0
27a987e3-af22-4ec6-a8f6-224e27820252,2024-2025,10,7,C,active,62.97435897435897,14.760343704968355,43.32631716019789,24.938262124032747,0.0,1.0,1.0
f99d6e0a-5c99-4c79-add2-11b2de834b02,2021-2022,7,7,C,active,40.30769230769231,13.05485158083273,52.57660735422291,21.507017218790377,2.0,1.0,3.0
f99d6e0a-5c99-4c79-add2-11b2de834b02,2022-2023,8,7,C,active,77.12820512820512,9.534368544154487,44.06135450232136,21.50086039183706,2.0,1.0,3.0
f99d6e0a-5c99-4c79-add2-11b2de834b02,2023-2024,9,7,C,active,71.17948717948718,13.461195291557981,44.96809149442718,26.023335372439394,2.0,1.0,3.0
f99d6e0a-5c99-4c79-add2-11b2de834b02,2024-2025,10,7,C,active,44.61538461538461,12.49971659597757,48.36531159783945,20.8574419862643,1.0,1.0,2.0
ce3150df-e4bd-4479-9759-0fd315e4d1d6,2021-2022,7,7,C,active,80.1025641025641,8.872769910458663,51.59348898032916,22.354341225322717,1.0,1.0,2.0
ce3150df-e4bd-4479-9759-0fd315e4d1d6,2022-2023,8,7,C,active,60.41025641025641,12.905971585436818,40.31071262050917,25.896278871895284,4.0,1.0,5.0
ce3150df-e4bd-4479-9759-0fd315e4d1d6,2023-2024,9,7,C,active,47.48717948717949,13.77043322880736,50.884312801571994,21.833687413866002,2.0,1.0,3.0
ce3150df-e4bd-4479-9759-0fd315e4d1d6,2024-2025,10,7,C,active,40.30769230769231,14.693632430685652,44.721359698465434,22.2221812807465,4.0,1.0,5.0
d03e82db-2717-42e5-b43f-a7c98472224e,2021-2022,7,7,C,active,40.82051282051282,13.048233989947079,56.33121256289047,20.156681096028144,3.0,1.0,4.0
d03e82db-2717-42e5-b43f-a7c98472224e,2022-2023,8,7,C,active,34.35897435897436,12.09499065400126,44.10432531855762,20.21789538376109,3.0,1.0,4.0
d03e82db-2717-42e5-b43f-a7c98472224e,2023-2024,9,7,C,active,28.82051282051282,8.858156499644815,55.93319091019058,24.91625290645724,2.0,1.0,3.0
d03e82db-2717-42e5-b43f-a7c98472224e,2024-2025,10,7,C,active,69.02564102564102,10.451610753440377,45.91175193945019,23.433389750417053,2.0,1.0,3.0
ec7b128b-aa31-46dc-bf86-a4ea08359784,2021-2022,7,7,C,active,39.794871794871796,11.74998205413968,49.34791936923148,24.872340860826117,2.0,0.0,2.0
ec7b128b-aa31-46dc-bf86-a4ea08359784,2022-2023,8,7,C,active,54.256410256410255,14.733988541924969,52.78390303568718,20.042870770697874,2.0,0.0,2.0
ec7b128b-aa31-46dc-bf86-a4ea08359784,2023-2024,9,7,C,active,59.07692307692308,12.155537216439383,54.09291049689765,22.30898367474684,1.0,0.0,1.0
ec7b128b-aa31-46dc-bf86-a4ea08359784,2024-2025,10,7,C,active,81.53846153846153,11.773847365299778,53.43373834510863,25.840541061406746,5.0,0.0,5.0
96af5f39-3bac-4684-b138-eed2374c324c,2021-2022,7,7,C,active,83.58974358974359,9.659241412728319,36.21088673843277,21.519204489258403,0.0,3.0,3.0
96af5f39-3bac-4684-b138-eed2374c324c,2022-2023,8,7,C,active,37.743589743589745,11.490769633694207,51.949315212369555,28.377073949878312,2.0,3.0,5.0
96af5f39-3bac-4684-b138-eed2374c324c,2023-2024,9,7,C,active,44.205128205128204,10.855945465818033,43.921809923182735,18.83972236515033,1.0,3.0,4.0
96af5f39-3bac-4684-b138-eed2374c324c,2024-2025,10,7,C,active,24.512820512820515,11.170618874793103,47.623273315921374,24.154279809935836,2.0,3.0,5.0
5b5cb4ce-4ddc-465b-a3bb-d8639753d08b,2021-2022,7,7,C,active,62.05128205128205,11.456895689470434,43.66157025745615,23.05378818225968,3.0,0.0,3.0
5b5cb4ce-4ddc-465b-a3bb-d8639753d08b,2022-2023,8,7,C,active,60.51282051282051,11.504854341290244,51.15124514143746,22.31636729501769,2.0,0.0,2.0
5b5cb4ce-4ddc-465b-a3bb-d8639753d08b,2023-2024,9,7,C,active,84.0,9.668178950067398,62.332278167399124,24.43772792371852,,,
5b5cb4ce-4ddc-465b-a3bb-d8639753d08b,2024-2025,10,7,C,active,69.02564102564102,13.571423498015347,38.103451668898074,19.247365695457045,2.0,0.0,2.0
86911c02-9af6-4965-9056-fef86880ffb6,2021-2022,7,7,C,active,52.82051282051282,13.208593285138267,55.51357318419057,23.609490483390637,2.0,0.0,2.0
86911c02-9af6-4965-9056-fef86880ffb6,2022-2023,8,7,C,active,43.69230769230769,13.119198158572296,64.39321380910197,26.404094846970747,1.0,0.0,1.0
86911c02-9af6-4965-9056-fef86880ffb6,2023-2024,9,7,C,active,30.358974358974358,11.705795189804109,48.64952815427376,24.19550435899354,,,
86911c02-9af6-4965-9056-fef86880ffb6,2024-2025,10,7,C,active,74.76923076923077,10.428860609061704,50.25878590381657,21.523516436868515,1.0,0.0,1.0
ac257f39-8eeb-4d36-a33a-db7e139eabf3,2021-2022,7,7,C,active,45.53846153846154,14.955805339744295,41.553041506463664,20.186744879535386,,,
ac257f39-8eeb-4d36-a33a-db7e139eabf3,2022-2023,8,7,C,active,78.56410256410257,10.072878833243447,50.723731385953535,26.27193955532131,1.0,0.0,1.0
ac257f39-8eeb-4d36-a33a-db7e139eabf3,2023-2024,9,7,C,active,55.38461538461539,12.227267596421287,38.3612753336577,21.758133282316958,,,
ac257f39-8eeb-4d36-a33a-db7e139eabf3,2024-2025,10,7,C,active,74.35897435897436,13.257544385402007,58.55277294180328,25.749603120517904,4.0,0.0,4.0
4263066a-410a-431a-9280-94dade4f93b9,2021-2022,7,7,C,active,59.69230769230769,14.807810609969618,53.29073576374843,26.996542322511303,1.0,1.0,2.0
4263066a-410a-431a-9280-94dade4f93b9,2022-2023,8,7,C,active,68.0,13.825986212087805,53.363137269900164,22.980376211180754,3.0,1.0,4.0
4263066a-410a-431a-9280-94dade4f93b9,2023-2024,9,7,C,active,43.48717948717949,13.80097592825231,53.36936488283001,24.59215745437784,1.0,1.0,2.0
4263066a-410a-431a-9280-94dade4f93b9,2024-2025,10,7,C,active,60.30769230769231,9.14834999834985,44.851581850314,21.253390625584537,3.0,1.0,4.0
36b3f28f-7029-4a5e-a7d1-dd948f3b856d,2021-2022,7,7,C,active,47.58974358974359,11.343251990588822,43.97549561492816,27.19984673846156,1.0,0.0,1.0
36b3f28f-7029-4a5e-a7d1-dd948f3b856d,2022-2023,8,7,C,active,49.43589743589744,10.279757502246504,37.044797238293846,19.778812043640862,1.0,0.0,1.0
36b3f28f-7029-4a5e-a7d1-dd948f3b856d,2023-2024,9,7,C,active,41.333333333333336,13.0854144059498,46.13303612311449,23.36084626123261,,,
36b3f28f-7029-4a5e-a7d1-dd948f3b856d,2024-2025,10,7,C,active,40.717948717948715,12.510939882124884,48.5984155365966,21.353014865823898,1.0,0.0,1.0
fb52702a-fd01-4528-ab93-ad6fd8f063b3,2021-2022,7,7,C,active,68.41025641025641,12.608931564398368,48.584711066437876,21.69124602686864,1.0,2.0,3.0
fb52702a-fd01-4528-ab93-ad6fd8f063b3,2022-2023,8,7,C,active,60.92307692307692,14.609630233053768,54.857647074483324,24.349879325123748,3.0,2.0,5.0
fb52702a-fd01-4528-ab93-ad6fd8f063b3,2023-2024,9,7,C,active,50.666666666666664,12.560031288373143,56.707609309888035,23.29075312283583,1.0,2.0,3.0
fb52702a-fd01-4528-ab93-ad6fd8f063b3,2024-2025,10,7,C,active,52.30769230769231,12.460788701391607,45.3857332152768,21.64070828002371,2.0,2.0,4.0
e4f2e47c-aa73-45f8-9f65-71df872c93a5,2021-2022,7,7,C,active,52.717948717948715,11.71132766519285,44.48113041112685,23.947160547282618,1.0,0.0,1.0
e4f2e47c-aa73-45f8-9f65-71df872c93a5,2022-2023,8,7,C,active,42.05128205128205,14.3305869383393,42.20878476907018,23.37897549580391,2.0,0.0,2.0
e4f2e47c-aa73-45f8-9f65-71df872c93a5,2023-2024,9,7,C,active,34.15384615384615,12.809409496925259,55.169793482078134,23.92534268703577,3.0,0.0,3.0
e4f2e47c-aa73-45f8-9f65-71df872c93a5,2024-2025,10,7,C,active,68.82051282051282,11.614128861166414,44.84902527499045,20.579441103232448,,,
4e6fe278-1258-49bf-aea7-95e579005cd5,2021-2022,7,7,C,active,75.48717948717949,9.588567191333963,51.96988188522557,23.05093418996776,1.0,1.0,2.0
4e6fe278-1258-49bf-aea7-95e579005cd5,2022-2023,8,7,C,active,53.53846153846154,13.661020524886728,41.49218287296755,25.827563937988835,3.0,1.0,4.0
4e6fe278-1258-49bf-aea7-95e579005cd5,2023-2024,9,7,C,active,84.2051282051282,10.778095445416099,44.58570607396453,27.24826807614872,5.0,1.0,6.0
4e6fe278-1258-49bf-aea7-95e579005cd5,2024-2025,10,7,C,active,82.35897435897436,9.024782194447683,54.38850359066991,24.205608022471324,1.0,1.0,2.0
5c6d321e-09ed-4746-b0f4-034c77e8b78d,2021-2022,7,7,C,active,72.41025641025641,8.934610257803044,38.72210221521122,24.354122335791086,3.0,1.0,4.0
5c6d321e-09ed-4746-b0f4-034c77e8b78d,2022-2023,8,7,C,active,39.48717948717949,13.080463123283065,39.40987341091328,26.416035736494216,2.0,1.0,3.0
5c6d321e-09ed-4746-b0f4-034c77e8b78d,2023-2024,9,7,C,active,50.256410256410255,11.527354077922078,52.80563720078276,19.476216833269987,3.0,1.0,4.0
5c6d321e-09ed-4746-b0f4-034c77e8b78d,2024-2025,10,7,C,active,49.333333333333336,12.04669278339677,47.54829409260211,25.729461172844093,4.0,1.0,5.0
447692da-7985-486f-9e7a-58c11b8fb41d,2022-2023,7,7,A,active,41.64102564102564,13.725671643976943,37.05951279256276,22.521062173962907,2.0,0.0,2.0
447692da-7985-486f-9e7a-58c11b8fb41d,2023-2024,8,7,A,active,30.564102564102566,13.564262006415145,54.49774999606927,26.24082304559733,1.0,0.0,1.0
447692da-7985-486f-9e7a-58c11b8fb41d,2024-2025,9,7,A,active,45.84615384615385,14.152437881005113,47.7136162435028,22.136600472904114,5.0,0.0,5.0
db8fe274-bbb5-4b39-9e3f-63e646c98774,2022-2023,7,7,A,active,80.1025641025641,9.060599700713645,48.71354185351072,28.517966996235316,1.0,1.0,2.0
db8fe274-bbb5-4b39-9e3f-63e646c98774,2023-2024,8,7,A,active,70.76923076923077,13.303069567548247,49.07603127417865,28.5443927463301,0.0,1.0,1.0
db8fe274-bbb5-4b39-9e3f-63e646c98774,2024-2025,9,7,A,active,65.74358974358974,12.774806515617799,62.19943835013118,22.872814601001846,0.0,1.0,1.0
6111d10e-cacd-4c97-8acf-4ea5ae9ecda0,2022-2023,7,7,A,active,57.23076923076923,15.951343019619213,45.2928787403431,24.053106785637674,3.0,2.0,5.0
6111d10e-cacd-4c97-8acf-4ea5ae9ecda0,2023-2024,8,7,A,active,69.02564102564102,14.14862310482837,50.853275137367284,19.95254869108421,3.0,2.0,5.0
6111d10e-cacd-4c97-8acf-4ea5ae9ecda0,2024-2025,9,7,A,active,50.35897435897436,15.209912244958065,50.78189414149327,20.91101610989887,3.0,2.0,5.0
710b7b97-7881-437f-bac1-0edecc543b6f,2022-2023,7,7,A,active,73.74358974358974,10.614582691844145,43.92755880900828,23.512301142485928,1.0,3.0,4.0
710b7b97-7881-437f-bac1-0edecc543b6f,2023-2024,8,7,A,active,61.23076923076923,11.721463754608777,50.23983093935399,20.335411144970543,2.0,3.0,5.0
710b7b97-7881-437f-bac1-0edecc543b6f,2024-2025,9,7,A,active,63.69230769230769,13.89841688476907,40.68141547886398,19.370625511414296,1.0,3.0,4.0
6fcbce22-9ca6-42e3-a2d3-2a7bd8dcdec7,2022-2023,7,7,A,active,86.87179487179488,9.356054856782901,46.841594644788316,30.07826248859578,1.0,0.0,1.0
6fcbce22-9ca6-42e3-a2d3-2a7bd8dcdec7,2023-2024,8,7,A,active,40.41025641025641,13.417816021045637,57.26544838458492,23.604358369039286,2.0,0.0,2.0
6fcbce22-9ca6-42e3-a2d3-2a7bd8dcdec7,2024-2025,9,7,A,active,26.871794871794872,11.927808037874941,51.4864644091659,26.65727617594055,,,
c81a2b2a-1901-4d26-8525-53442e64c85c,2022-2023,7,7,A,active,59.8974358974359,11.946800654733494,44.087071242327454,20.91943698698536,2.0,0.0,2.0
c81a2b2a-1901-4d26-8525-53442e64c85c,2023-2024,8,7,A,active,67.38461538461539,10.840021811532203,58.74350177079312,22.940155845500623,,,
c81a2b2a-1901-4d26-8525-53442e64c85c,2024-2025,9,7,A,active,60.717948717948715,12.578069297807945,43.146376878150946,24.343848872297453,,,
8c5e9fe7-0bf4-4f0d-83da-f187594054b9,2022-2023,7,7,A,active,73.53846153846153,10.76506570700399,59.07989610388491,19.695935052995914,2.0,0.0,2.0
8c5e9fe7-0bf4-4f0d-83da-f187594054b9,2023-2024,8,7,A,active,66.05128205128206,13.420229659084232,38.60299748221121,21.481403220130407,1.0,0.0,1.0
8c5e9fe7-0bf4-4f0d-83da-f187594054b9,2024-2025,9,7,A,active,58.05128205128205,12.409564897476033,61.05061297086027,25.785458814640375,5.0,0.0,5.0
25c64cad-fc91-4a5c-ab61-cb73a8bc283a,2022-2023,7,7,A,active,49.02564102564103,11.954931110957784,48.00244716772906,21.747137804901048,1.0,1.0,2.0
25c64cad-fc91-4a5c-ab61-cb73a8bc283a,2023-2024,8,7,A,active,82.05128205128206,8.89100289751481,58.0027931622358,22.090541650744715,3.0,1.0,4.0
25c64cad-fc91-4a5c-ab61-cb73a8bc283a,2024-2025,9,7,A,active,69.12820512820512,12.812780394219649,47.27706676043257,25.70211496505901,2.0,1.0,3.0
1289904d-4d67-42b4-bd4f-46bdb1af4e1f,2022-2023,7,7,A,active,72.82051282051282,10.787106813891528,42.153660909373045,21.08150671021372,3.0,1.0,4.0
1289904d-4d67-42b4-bd4f-46bdb1af4e1f,2023-2024,8,7,A,active,45.12820512820513,14.880540962116807,63.92335602064466,23.101384728545785,1.0,1.0,2.0
1289904d-4d67-42b4-bd4f-46bdb1af4e1f,2024-2025,9,7,A,active,44.41025641025641,14.031389526265274,38.76937597644617,24.246115535359635,3.0,1.0,4.0
79433995-594e-42eb-8367-f9e782a628ad,2022-2023,7,7,A,active,67.48717948717949,12.787477004911764,50.660169821427985,30.29247308296421,2.0,0.0,2.0
79433995-594e-42eb-8367-f9e782a628ad,2023-2024,8,7,A,active,62.05128205128205,13.294139424947089,57.76956743644995,24.52382084058171,,,
79433995-594e-42eb-8367-f9e782a628ad,2024-2025,9,7,A,active,31.076923076923077,14.40647627646863,50.921095760529326,22.471038086016637,1.0,0.0,1.0
994ff200-899d-44b9-8fd4-1339ef227ffc,2022-2023,7,7,A,active,68.82051282051282,14.368957393360166,48.9246641753693,23.537585653760537,2.0,0.0,2.0
994ff200-899d-44b9-8fd4-1339ef227ffc,2023-2024,8,7,A,active,54.46153846153846,13.722524997524776,49.47803239608345,22.034780527531257,,,
994ff200-899d-44b9-8fd4-1339ef227ffc,2024-2025,9,7,A,active,57.333333333333336,13.085414405949804,53.70971862296056,26.339187989796862,2.0,0.0,2.0
48b9005e-04b0-4706-88e9-f13256b3438a,2022-2023,7,7,A,active,64.0,12.069971438504558,41.05546005705108,18.235585118357147,1.0,1.0,2.0
48b9005e-04b0-4706-88e9-f13256b3438a,2023-2024,8,7,A,active,66.46153846153847,13.63016421464608,59.843103133786975,21.298710733798956,0.0,1.0,1.0
48b9005e-04b0-4706-88e9-f13256b3438a,2024-2025,9,7,A,active,65.33333333333333,12.62689971811086,47.68094120128052,24.877480251055534,1.0,1.0,2.0
ae478ddd-bdf7-4c36-bd77-d2ea43c36e59,2022-2023,7,7,A,active,18.76923076923077,11.131892397076115,42.93794226175682,23.32943581729918,2.0,2.0,4.0
ae478ddd-bdf7-4c36-bd77-d2ea43c36e59,2023-2024,8,7,A,active,47.58974358974359,12.167077988351553,42.557897906910725,20.856461148257107,2.0,2.0,4.0
ae478ddd-bdf7-4c36-bd77-d2ea43c36e59,2024-2025,9,7,A,active,50.35897435897436,12.233446774029364,52.164350854329065,19.03737761067361,1.0,2.0,3.0
8b9f5bb1-a9c1-4cb5-aa59-7fe7401bab6e,2022-2023,7,7,A,active,47.07692307692308,14.200416256657697,50.13640567929744,24.516198503391962,2.0,1.0,3.0
8b9f5bb1-a9c1-4cb5-aa59-7fe7401bab6e,2023-2024,8,7,A,active,58.76923076923077,11.430479886922688,51.54507961448767,25.703185651561494,1.0,1.0,2.0
8b9f5bb1-a9c1-4cb5-aa59-7fe7401bab6e,2024-2025,9,7,A,active,61.743589743589745,14.503571155005687,46.113702477727706,28.570999867263126,4.0,1.0,5.0
99006de0-36b2-4332-942b-0dbeae059d8b,2022-2023,7,7,A,active,39.38461538461539,14.81218450184169,57.40794522201257,25.833902391168735,,,
99006de0-36b2-4332-942b-0dbeae059d8b,2023-2024,8,7,A,active,58.256410256410255,13.6047939474869,45.908669694929415,23.875254116440612,2.0,0.0,2.0
99006de0-36b2-4332-942b-0dbeae059d8b,2024-2025,9,7,A,active,52.0,15.546196014662742,40.10296881035851,18.37635146483954,3.0,0.0,3.0
ef759656-ebbe-4f75-8934-dfc4a7931477,2022-2023,7,7,B,active,60.61538461538461,10.762056604022213,49.59308568324986,24.199924751707574,1.0,1.0,2.0
ef759656-ebbe-4f75-8934-dfc4a7931477,2023-2024,8,7,B,active,78.15384615384616,10.89069728940221,36.5437805969902,23.939675006149287,3.0,1.0,4.0
ef759656-ebbe-4f75-8934-dfc4a7931477,2024-2025,9,7,B,active,84.0,9.358362429849628,55.74986376351164,21.35050664503956,2.0,1.0,3.0
fc949718-c36a-47a1-b416-b02eba37a035,2022-2023,7,7,B,active,49.02564102564103,10.808104121900916,51.07077502567399,19.82320692466616,4.0,1.0,5.0
fc949718-c36a-47a1-b416-b02eba37a035,2023-2024,8,7,B,active,47.48717948717949,11.170618874793105,45.699328276308314,20.610092601439987,2.0,1.0,3.0
fc949718-c36a-47a1-b416-b02eba37a035,2024-2025,9,7,B,active,27.58974358974359,11.744467787717506,48.221086752460565,21.173057236606468,3.0,1.0,4.0
2eb2be9c-19fd-4413-b3e5-04107ace4b6c,2022-2023,7,7,B,active,65.64102564102564,13.725671643976938,37.5957937985277,22.76548461261592,1.0,2.0,3.0
2eb2be9c-19fd-4413-b3e5-04107ace4b6c,2023-2024,8,7,B,active,62.76923076923077,11.721463754608777,60.59578608064802,25.407322706069582,2.0,2.0,4.0
2eb2be9c-19fd-4413-b3e5-04107ace4b6c,2024-2025,9,7,B,active,33.743589743589745,12.971056745324118,54.16004714086812,18.419789516413292,2.0,2.0,4.0
778ea087-c8b5-402d-8ac3-0b81b3ed455b,2022-2023,7,7,B,active,68.51282051282051,11.865189675933712,53.85988110043054,23.999769877189458,1.0,1.0,2.0
778ea087-c8b5-402d-8ac3-0b81b3ed455b,2023-2024,8,7,B,active,31.897435897435898,12.086954411123266,48.81065587161974,19.66640286523889,3.0,1.0,4.0
778ea087-c8b5-402d-8ac3-0b81b3ed455b,2024-2025,9,7,B,active,57.333333333333336,11.288870470123575,44.18601840525589,19.083387370362864,1.0,1.0,2.0
6e300365-1af4-495a-945e-adf430a52523,2022-2023,7,7,B,active,81.43589743589743,9.060599700713647,55.119174663549565,25.212008198171326,2.0,1.0,3.0
6e300365-1af4-495a-945e-adf430a52523,2023-2024,8,7,B,active,81.74358974358974,11.193790451378197,54.536811158699166,23.20538186685138,0.0,1.0,1.0
6e300365-1af4-495a-945e-adf430a52523,2024-2025,9,7,B,active,57.53846153846154,14.234587517078833,56.62109912740039,26.51491683894753,0.0,1.0,1.0
a1e01234-af95-456b-bbab-d5ef50f4fc6f,2022-2023,7,7,B,active,27.17948717948718,11.056962071763214,47.623754573814146,21.961930209754133,4.0,1.0,5.0
a1e01234-af95-456b-bbab-d5ef50f4fc6f,2023-2024,8,7,B,active,67.17948717948718,9.891175745321245,58.69303434104597,24.919080860479035,1.0,1.0,2.0
a1e01234-af95-456b-bbab-d5ef50f4fc6f,2024-2025,9,7,B,active,86.05128205128206,6.48053245842264,51.633227971845685,23.951829959917212,1.0,1.0,2.0
48e8d01c-6dc3-4bd7-9c3f-ecb84f85e0bb,2022-2023,7,7,B,active,75.48717948717949,11.208248360428216,40.853841025060674,24.22555027485895,1.0,0.0,1.0
48e8d01c-6dc3-4bd7-9c3f-ecb84f85e0bb,2023-2024,8,7,B,active,67.17948717948718,13.892201134509731,50.79929922120289,22.999872193465304,4.0,0.0,4.0
48e8d01c-6dc3-4bd7-9c3f-ecb84f85e0bb,2024-2025,9,7,B,active,59.58974358974359,10.494905903938523,43.47888559220264,22.601754013454077,1.0,0.0,1.0
9b90b729-91fb-4cbb-8b20-2c7644905e43,2022-2023,7,7,B,active,24.102564102564102,12.497989042020599,50.25524885570134,25.994520284584755,2.0,1.0,3.0
9b90b729-91fb-4cbb-8b20-2c7644905e43,2023-2024,8,7,B,active,85.53846153846153,10.119928629471014,49.6782401348491,25.90152345173128,0.0,1.0,1.0
9b90b729-91fb-4cbb-8b20-2c7644905e43,2024-2025,9,7,B,active,60.51282051282051,10.629828425787192,56.973445112784944,25.72439511999507,2.0,1.0,3.0
3cb7557e-feb5-4cb2-bbfe-0f8ca19c8d5b,2022-2023,7,7,B,active,90.15384615384616,7.0395067917039045,54.09942393984087,26.70341897090717,2.0,1.0,3.0
3cb7557e-feb5-4cb2-bbfe-0f8ca19c8d5b,2023-2024,8,7,B,active,66.66666666666667,12.526463215998138,67.45950623178398,22.738448632901687,1.0,1.0,2.0
3cb7557e-feb5-4cb2-bbfe-0f8ca19c8d5b,2024-2025,9,7,B,active,68.71794871794872,8.98521803018338,51.914488498203596,23.588191385909095,1.0,1.0,2.0
819e1ec3-a41a-435d-ae83-459403c238e9,2022-2023,7,7,B,active,81.84615384615384,7.939038989762657,52.59568164671207,27.305891274145804,2.0,1.0,3.0
819e1ec3-a41a-435d-ae83-459403c238e9,2023-2024,8,7,B,active,52.30769230769231,10.950015251500664,41.807928916559334,22.80528946957808,2.0,1.0,3.0
819e1ec3-a41a-435d-ae83-459403c238e9,2024-2025,9,7,B,active,33.333333333333336,12.858201014657274,41.16942332950918,23.491505906118718,5.0,1.0,6.0
64a41e36-d282-424f-9e8e-265531f7eee6,2022-2023,7,7,B,active,88.71794871794872,6.349259044829842,53.43163795898546,23.721933094852915,1.0,1.0,2.0
64a41e36-d282-424f-9e8e-265531f7eee6,2023-2024,8,7,B,active,61.94871794871795,13.54514618434204,42.482244154795694,23.7316008953819,2.0,1.0,3.0
64a41e36-d282-424f-9e8e-265531f7eee6,2024-2025,9,7,B,active,57.02564102564103,11.669770167509004,52.158506366057395,31.08807749661116,0.0,1.0,1.0
17b41811-786b-4823-86fb-d71b31763e9b,2022-2023,7,7,B,active,51.38461538461539,13.689441541443506,48.30679108747392,23.46790255399431,,,
17b41811-786b-4823-86fb-d71b31763e9b,2023-2024,8,7,B,active,87.58974358974359,7.096025383854901,51.24320332730238,20.477630978525763,3.0,0.0,3.0
17b41811-786b-4823-86fb-d71b31763e9b,2024-2025,9,7,B,active,74.25641025641026,11.00410915765453,59.15729766402037,20.60803730935358,1.0,0.0,1.0
0edf8d9c-0172-4f0b-bd65-9b6d0e4c2daa,2022-2023,7,7,B,active,80.71794871794872,10.891688569365076,49.65431304230268,24.956418367482836,0.0,1.0,1.0
0edf8d9c-0172-4f0b-bd65-9b6d0e4c2daa,2023-2024,8,7,B,active,38.87179487179487,10.855945465818033,61.066257616239305,22.57158477407251,5.0,1.0,6.0
0edf8d9c-0172-4f0b-bd65-9b6d0e4c2daa,2024-2025,9,7,B,active,19.58974358974359,10.534949226060915,44.208661605586315,22.057984738782466,2.0,1.0,3.0
e24621b1-9754-423d-9d77-8565c9599d53,2022-2023,7,7,B,active,62.97435897435897,10.885739535565202,47.458525265647005,21.185460213753192,0.0,1.0,1.0
e24621b1-9754-423d-9d77-8565c9599d53,2023-2024,8,7,B,active,22.974358974358974,11.884282365436734,50.04723764717393,23.50789057931943,5.0,1.0,6.0
e24621b1-9754-423d-9d77-8565c9599d53,2024-2025,9,7,B,active,56.61538461538461,15.204942729284106,44.89613577990875,24.651606161597716,1.0,1.0,2.0
6952158d-cde6-4bea-9ba2-71e99a932531,2022-2023,7,7,B,active,36.717948717948715,13.668921179369908,43.038158207051815,22.79241215382064,2.0,1.0,3.0
6952158d-cde6-4bea-9ba2-71e99a932531,2023-2024,8,7,B,active,68.0,11.929618161269214,41.46729993023925,23.95229162997472,1.0,1.0,2.0
6952158d-cde6-4bea-9ba2-71e99a932531,2024-2025,9,7,B,active,34.76923076923077,12.452988519906501,55.6874210234764,26.148146790785162,2.0,1.0,3.0
9b6d2b9c-ddce-4e3e-a808-2d16ba76a2ef,2022-2023,7,7,C,active,45.23076923076923,11.935046884262945,54.280949284767686,23.76639440330137,4.0,0.0,4.0
9b6d2b9c-ddce-4e3e-a808-2d16ba76a2ef,2023-2024,8,7,C,active,68.2051282051282,11.82143344941384,54.01681903532965,19.998430094113342,2.0,0.0,2.0
9b6d2b9c-ddce-4e3e-a808-2d16ba76a2ef,2024-2025,9,7,C,active,82.46153846153847,10.202801869677899,60.355853137228,21.513393809176712,2.0,0.0,2.0
c3685a61-1611-4600-82d1-adad32ed50b3,2022-2023,7,7,C,active,63.69230769230769,14.433429482963364,40.70454000796887,24.66516353507828,0.0,2.0,2.0
c3685a61-1611-4600-82d1-adad32ed50b3,2023-2024,8,7,C,active,30.76923076923077,13.982059065405997,41.166536267644766,24.133752923161104,2.0,2.0,4.0
c3685a61-1611-4600-82d1-adad32ed50b3,2024-2025,9,7,C,active,77.64102564102564,11.451240290184105,60.42787028581055,19.32929420694008,0.0,2.0,2.0
17eeb27e-41fe-4b6e-9b33-6772c1fb7b61,2022-2023,7,7,C,active,61.53846153846154,13.783755033879851,49.364344286203824,18.43605940215778,3.0,1.0,4.0
17eeb27e-41fe-4b6e-9b33-6772c1fb7b61,2023-2024,8,7,C,active,14.974358974358974,9.20951218631321,58.46515370260887,24.122593325636775,2.0,1.0,3.0
17eeb27e-41fe-4b6e-9b33-6772c1fb7b61,2024-2025,9,7,C,active,42.76923076923077,12.351137894439093,58.29126879937648,17.575169295329047,1.0,1.0,2.0
b6b48d51-e44a-4aab-ba1e-559c6ccee8ee,2022-2023,7,7,C,active,38.35897435897436,16.40841757578806,49.13285449029361,20.217247953277308,3.0,1.0,4.0
b6b48d51-e44a-4aab-ba1e-559c6ccee8ee,2023-2024,8,7,C,active,89.12820512820512,6.550128512919612,37.89138407198677,22.17783390489969,2.0,1.0,3.0
b6b48d51-e44a-4aab-ba1e-559c6ccee8ee,2024-2025,9,7,C,active,40.41025641025641,9.959702882690376,49.65921227211746,22.99731718611012,2.0,1.0,3.0
6bc426fd-4cff-4f1f-999b-11375e9698a4,2022-2023,7,7,C,active,52.61538461538461,12.733328387419462,55.18044179934113,25.042981667309025,1.0,2.0,3.0
6bc426fd-4cff-4f1f-999b-11375e9698a4,2023-2024,8,7,C,active,38.15384615384615,15.783966650967885,54.44857573717334,21.198693176780793,4.0,2.0,6.0
6bc426fd-4cff-4f1f-999b-11375e9698a4,2024-2025,9,7,C,active,60.61538461538461,11.590866151312932,41.42194001335675,24.116668390579143,0.0,2.0,2.0
9aeeaba5-1642-4f49-a716-5a29b7b64389,2022-2023,7,7,C,active,51.58974358974359,15.968254607053382,53.96148146027179,23.99300462897834,1.0,3.0,4.0
9aeeaba5-1642-4f49-a716-5a29b7b64389,2023-2024,8,7,C,active,61.43589743589744,14.465557772634082,56.053284894948305,20.82830775716808,1.0,3.0,4.0
9aeeaba5-1642-4f49-a716-5a29b7b64389,2024-2025,9,7,C,active,59.17948717948718,12.885879245927333,57.14912785467392,20.52181451482154,2.0,3.0,5.0
cb8b4bb6-5ab6-4e3b-9270-8c4953eae8c7,2022-2023,7,7,C,active,47.58974358974359,10.251361780445379,38.422637056393725,20.817671572928305,0.0,4.0,4.0
cb8b4bb6-5ab6-4e3b-9270-8c4953eae8c7,2023-2024,8,7,C,active,45.94871794871795,13.761021836960396,63.32048952896652,25.01659782926555,3.0,4.0,7.0
cb8b4bb6-5ab6-4e3b-9270-8c4953eae8c7,2024-2025,9,7,C,active,87.6923076923077,6.383176268226896,44.49493083382514,20.084123925006313,2.0,4.0,6.0
3b6bf0c7-3edd-4763-bafa-f310041adb90,2022-2023,7,7,C,active,63.282051282051285,13.852510161944465,53.50508378542898,20.269255155992965,2.0,2.0,4.0
3b6bf0c7-3edd-4763-bafa-f310041adb90,2023-2024,8,7,C,active,84.41025641025641,9.959702882690374,46.84296780175151,24.192389413640175,0.0,2.0,2.0
3b6bf0c7-3edd-4763-bafa-f310041adb90,2024-2025,9,7,C,active,67.58974358974359,12.270456493712958,49.57160691862335,30.275502878980515,1.0,2.0,3.0
b334f4d7-c68f-4796-8786-ed8e1462dba7,2022-2023,7,7,C,active,76.2051282051282,8.894645009867002,42.55718138436542,23.544612575520166,2.0,2.0,4.0
b334f4d7-c68f-4796-8786-ed8e1462dba7,2023-2024,8,7,C,active,54.15384615384615,11.853354980405252,38.068610897633654,21.948386150128812,0.0,2.0,2.0
b334f4d7-c68f-4796-8786-ed8e1462dba7,2024-2025,9,7,C,active,40.61538461538461,13.378331625618355,44.189609554756025,21.54029099586426,3.0,2.0,5.0
8dce8933-91be-4e98-af3c-361107e1b287,2022-2023,7,7,C,active,56.82051282051282,10.826069401101346,44.74196595548225,22.61411395874057,0.0,1.0,1.0
8dce8933-91be-4e98-af3c-361107e1b287,2023-2024,8,7,C,active,70.35897435897436,11.597384413572204,51.27130468669401,24.90108608411257,2.0,1.0,3.0
8dce8933-91be-4e98-af3c-361107e1b287,2024-2025,9,7,C,active,60.717948717948715,16.33521980898412,61.72399770981256,22.521663503352244,1.0,1.0,2.0
659da457-c320-4715-9e05-b48ffe976959,2022-2023,7,7,C,active,81.53846153846153,9.563764271694197,45.518570861981594,22.78728104106742,2.0,1.0,3.0
659da457-c320-4715-9e05-b48ffe976959,2023-2024,8,7,C,active,54.76923076923077,12.620913175864597,50.92640996880726,26.591754856462188,0.0,1.0,1.0
659da457-c320-4715-9e05-b48ffe976959,2024-2025,9,7,C,active,66.25641025641026,12.406954647161971,62.47193952439518,24.47087595622375,2.0,1.0,3.0
3a015333-ecc0-4f7e-8b3e-eb038e1eb260,2022-2023,7,7,C,active,70.46153846153847,11.593660141024792,45.57531936784382,23.525112460258345,1.0,0.0,1.0
3a015333-ecc0-4f7e-8b3e-eb038e1eb260,2023-2024,8,7,C,active,42.87179487179487,14.420707857616069,48.55747712856342,24.253295288666525,4.0,0.0,4.0
3a015333-ecc0-4f7e-8b3e-eb038e1eb260,2024-2025,9,7,C,active,34.35897435897436,12.572918221502453,39.666821873056065,25.996519202913138,3.0,0.0,3.0
4b055117-55b0-4c51-ac5d-c43be5380c5b,2022-2023,7,7,C,active,38.666666666666664,12.046692783396773,33.02435723412744,20.71432827177281,3.0,0.0,3.0
4b055117-55b0-4c51-ac5d-c43be5380c5b,2023-2024,8,7,C,active,80.2051282051282,10.050345600707333,54.17111799761375,22.10514636199425,1.0,0.0,1.0
4b055117-55b0-4c51-ac5d-c43be5380c5b,2024-2025,9,7,C,active,50.76923076923077,12.587507462939383,61.36441003644906,21.068387675100134,1.0,0.0,1.0
f61f2ba8-c7b2-46fa-b62b-3b6b2899a250,2022-2023,7,7,C,active,73.43589743589743,11.697491570496442,60.3995153748713,20.977506704274003,2.0,2.0,4.0
f61f2ba8-c7b2-46fa-b62b-3b6b2899a250,2023-2024,8,7,C,active,57.23076923076923,15.792172508892095,58.12698034126501,21.1700910078033,2.0,2.0,4.0
f61f2ba8-c7b2-46fa-b62b-3b6b2899a250,2024-2025,9,7,C,active,51.69230769230769,9.728292558993092,48.529944802706105,23.96143578238508,5.0,2.0,7.0
a909a499-14d9-4a1b-b1ce-0d877ff2b174,2022-2023,7,7,C,active,83.48717948717949,11.132862200832546,51.98951885849318,23.52814185232919,1.0,0.0,1.0
a909a499-14d9-4a1b-b1ce-0d877ff2b174,2023-2024,8,7,C,active,62.87179487179487,13.453975126097761,48.911130784856304,23.68632929073603,1.0,0.0,1.0
a909a499-14d9-4a1b-b1ce-0d877ff2b174,2024-2025,9,7,C,active,80.61538461538461,10.033143456132581,52.368404850218944,23.44683480798748,3.0,0.0,3.0
0cc1957a-0751-4fa3-885d-a6b8008846aa,2023-2024,7,7,A,active,55.69230769230769,12.728240144104447,54.22278690548487,24.128733545592343,,,
0cc1957a-0751-4fa3-885d-a6b8008846aa,2024-2025,8,7,A,active,75.28205128205128,12.578069297807941,47.05616480998229,21.49513247714342,,,
b10f4c17-9904-41b3-a7ba-8d6f84a5d69c,2023-2024,7,7,A,active,75.8974358974359,10.602370320369706,45.2051096755579,23.89511529065519,0.0,2.0,2.0
b10f4c17-9904-41b3-a7ba-8d6f84a5d69c,2024-2025,8,7,A,active,58.05128205128205,13.325773835432239,53.16470922470322,21.920607935139472,2.0,2.0,4.0
f704ed26-90c7-4fde-abf4-adf551d96a0e,2023-2024,7,7,A,active,35.48717948717949,10.82606940110135,60.97196677864909,21.579314809334935,2.0,2.0,4.0
f704ed26-90c7-4fde-abf4-adf551d96a0e,2024-2025,8,7,A,active,76.92307692307692,12.763815250820777,54.402341035304325,27.424772409545408,0.0,2.0,2.0
b44c7757-942e-4930-8f5b-abcc11107a3e,2023-2024,7,7,A,active,34.35897435897436,10.962825172485562,41.62414727417751,24.920412066342568,4.0,1.0,5.0
b44c7757-942e-4930-8f5b-abcc11107a3e,2024-2025,8,7,A,active,79.8974358974359,11.589003117281557,53.82711058346695,19.30732483643192,1.0,1.0,2.0
db59d03a-1122-4032-b654-2bdde47f1154,2023-2024,7,7,A,active,41.743589743589745,12.097668215334435,53.13938480502922,18.815632646560715,2.0,0.0,2.0
db59d03a-1122-4032-b654-2bdde47f1154,2024-2025,8,7,A,active,54.05128205128205,11.639200365798144,53.22577844696896,21.541877404999617,1.0,0.0,1.0
13c3217b-4a2b-4ee0-8c6a-38389261de2b,2023-2024,7,7,A,active,45.12820512820513,13.915495881966462,44.619456815501,25.319274584162077,,,
13c3217b-4a2b-4ee0-8c6a-38389261de2b,2024-2025,8,7,A,active,65.33333333333333,13.14961142778578,52.25182830098818,27.839621438587507,,,
390425aa-bde0-4b8b-b794-9ea5bcfeb62d,2023-2024,7,7,A,active,85.84615384615384,8.044411141114521,48.598081822672235,23.343824160032636,3.0,2.0,5.0
390425aa-bde0-4b8b-b794-9ea5bcfeb62d,2024-2025,8,7,A,active,63.794871794871796,14.125712813275332,48.67135476339878,20.673984365437313,2.0,2.0,4.0
a11e7f09-5b75-465a-9b4f-48969c9fb7e9,2023-2024,7,7,A,active,43.282051282051285,12.16973968918662,49.48390414118199,28.800854221147475,,,
a11e7f09-5b75-465a-9b4f-48969c9fb7e9,2024-2025,8,7,A,active,87.28205128205128,6.545181907924886,52.01380431309675,24.4523647647229,2.0,0.0,2.0
10ccaacb-f8c7-4cca-bb51-5f0f748af3cb,2023-2024,7,7,A,active,13.025641025641026,7.439182112257049,48.57496967392894,22.98181837533873,3.0,2.0,5.0
10ccaacb-f8c7-4cca-bb51-5f0f748af3cb,2024-2025,8,7,A,active,58.666666666666664,12.323134711704121,48.59694709875456,24.98283016832575,1.0,2.0,3.0
fcfc9bd7-f4b3-4b7a-9b15-3937c2a84a99,2023-2024,7,7,A,active,68.41025641025641,11.78026438072983,68.17719738920202,24.152376314573903,1.0,1.0,2.0
fcfc9bd7-f4b3-4b7a-9b15-3937c2a84a99,2024-2025,8,7,A,active,72.82051282051282,10.184797222671476,56.1449946253284,25.44407882238278,3.0,1.0,4.0
1997fd62-5434-4a98-a842-b2c611676540,2023-2024,7,7,A,active,59.17948717948718,14.012910954341534,50.433723855860215,25.267350784199905,1.0,0.0,1.0
1997fd62-5434-4a98-a842-b2c611676540,2024-2025,8,7,A,active,28.41025641025641,13.196327137977582,57.994593895616276,23.69998423118622,,,
3e51c354-4c85-4049-b0e0-098e3e61d3c2,2023-2024,7,7,A,active,64.61538461538461,11.627135649024211,35.2276039489542,20.549459448721176,1.0,0.0,1.0
3e51c354-4c85-4049-b0e0-098e3e61d3c2,2024-2025,8,7,A,active,45.84615384615385,13.760237263748612,52.165641591082625,19.25690359274328,4.0,0.0,4.0
de6cc2d2-dafe-49b9-9e03-c2ecbc74c2e4,2023-2024,7,7,A,active,21.025641025641026,10.207033641684694,56.549825718229805,23.544313451387236,2.0,0.0,2.0
de6cc2d2-dafe-49b9-9e03-c2ecbc74c2e4,2024-2025,8,7,A,active,67.48717948717949,13.144684326596968,55.22785360681295,25.812322669229996,3.0,0.0,3.0
4724991c-2e3e-4f2f-81ee-859259aff8f5,2023-2024,7,7,A,active,61.94871794871795,12.0654982621146,42.58806868754418,18.39798970037344,,,
4724991c-2e3e-4f2f-81ee-859259aff8f5,2024-2025,8,7,A,active,58.76923076923077,12.419131121530409,51.789926584783366,19.911789902061333,3.0,0.0,3.0
abb2e997-6f55-4482-9f86-66c4a179f5f3,2023-2024,7,7,A,active,33.43589743589744,15.064414100778366,43.68869343997908,25.44686561020991,1.0,3.0,4.0
abb2e997-6f55-4482-9f86-66c4a179f5f3,2024-2025,8,7,A,active,62.76923076923077,12.720603962948704,56.78971403406727,25.966674781025844,4.0,3.0,7.0
d9d6d6fc-457a-43c2-8ce5-f94ca4d05f1c,2023-2024,7,7,B,active,38.256410256410255,12.575494023398191,50.044752221244394,22.869067557896667,3.0,0.0,3.0
d9d6d6fc-457a-43c2-8ce5-f94ca4d05f1c,2024-2025,8,7,B,active,57.743589743589745,16.436029019581454,51.781477958777664,22.68789743759818,1.0,0.0,1.0
bf89e1de-d842-4af7-8a72-87f9db622a6d,2023-2024,7,7,B,active,86.46153846153847,6.78173302585763,54.14257855975442,23.62009916371287,1.0,0.0,1.0
bf89e1de-d842-4af7-8a72-87f9db622a6d,2024-2025,8,7,B,active,82.76923076923077,9.229419604439805,51.61971177336928,26.217349831211422,3.0,0.0,3.0
1bf56a6d-44c6-4751-81fe-c059db5837c8,2023-2024,7,7,B,active,62.76923076923077,10.100707475121517,34.71758615582645,22.877689025838993,1.0,2.0,3.0
1bf56a6d-44c6-4751-81fe-c059db5837c8,2024-2025,8,7,B,active,27.28205128205128,13.005967694928028,51.84296809379599,24.08598615367804,2.0,2.0,4.0
a054d268-18cb-43de-809f-69aec257a067,2023-2024,7,7,B,active,89.12820512820512,5.872233893858753,48.78272385314464,25.3440559619481,3.0,0.0,3.0
a054d268-18cb-43de-809f-69aec257a067,2024-2025,8,7,B,active,67.38461538461539,11.18414146203968,52.16758817637474,25.751400926755434,4.0,0.0,4.0
99b06eb6-a2e5-4804-afef-a417acc8c896,2023-2024,7,7,B,active,49.43589743589744,14.465557772634082,43.43215334911469,22.19253276825342,2.0,1.0,3.0
99b06eb6-a2e5-4804-afef-a417acc8c896,2024-2025,8,7,B,active,48.0,13.45557994212614,55.97541737158146,23.67815982987783,1.0,1.0,2.0
24f4fb85-9d14-457d-8ac5-dcbaeabe436d,2023-2024,7,7,B,active,40.82051282051282,14.132589800420043,52.36259418565557,23.568947037370528,3.0,0.0,3.0
24f4fb85-9d14-457d-8ac5-dcbaeabe436d,2024-2025,8,7,B,active,76.1025641025641,10.320635618417663,53.431545752235266,22.95547445993769,1.0,0.0,1.0
e0753cc6-f1bf-49ed-9042-a9ba52f583e4,2023-2024,7,7,B,active,60.92307692307692,12.497125175488236,32.83466745156171,19.75566906597616,4.0,1.0,5.0
e0753cc6-f1bf-49ed-9042-a9ba52f583e4,2024-2025,8,7,B,active,63.58974358974359,10.494905903938522,45.29068736443545,22.96552588668328,1.0,1.0,2.0
c044a09a-bab9-4b3a-9c8f-56fad20a7608,2023-2024,7,7,B,active,77.94871794871794,10.814095864459592,49.21109734812065,27.675936252750525,1.0,3.0,4.0
c044a09a-bab9-4b3a-9c8f-56fad20a7608,2024-2025,8,7,B,active,42.46153846153846,15.2899109388583,39.068498091287054,19.79086293119595,4.0,3.0,7.0
f7f57769-db69-493f-be09-1af4091b7df7,2023-2024,7,7,B,active,84.82051282051282,9.89117574532125,51.18846878321235,25.673775405779065,2.0,1.0,3.0
f7f57769-db69-493f-be09-1af4091b7df7,2024-2025,8,7,B,active,75.07692307692308,12.53077184035284,51.11314774524395,22.53753443064626,0.0,1.0,1.0
2fad8742-c959-4aae-a000-e36de8c3122e,2023-2024,7,7,B,active,61.12820512820513,11.086215925001753,62.59789326301994,25.79174055005033,1.0,2.0,3.0
2fad8742-c959-4aae-a000-e36de8c3122e,2024-2025,8,7,B,active,69.64102564102564,13.352482874745725,56.58474173888877,22.61847659032457,0.0,2.0,2.0
48ddfb5c-118d-42ba-b469-5e40967ff504,2023-2024,7,7,B,active,81.84615384615384,10.53699862773891,57.93119541677719,23.841606657209912,,,
48ddfb5c-118d-42ba-b469-5e40967ff504,2024-2025,8,7,B,active,56.1025641025641,13.470816158986205,36.579706636790284,24.021816902340692,1.0,0.0,1.0
fd800397-c64b-4f9e-9653-542e2f591c9c,2023-2024,7,7,B,active,33.12820512820513,12.513528441733703,57.62786953799303,24.32837711326769,3.0,0.0,3.0
fd800397-c64b-4f9e-9653-542e2f591c9c,2024-2025,8,7,B,active,82.05128205128206,11.159015043190102,48.10281476617251,21.646336190096402,,,
2fc51dd6-5c62-49bc-b88c-b9eb1f13e9c7,2023-2024,7,7,B,active,77.43589743589743,12.294189624189125,58.14015271885415,23.41588515919775,1.0,1.0,2.0
2fc51dd6-5c62-49bc-b88c-b9eb1f13e9c7,2024-2025,8,7,B,active,53.64102564102564,11.91965908088769,54.80787643217924,19.0371913045855,2.0,1.0,3.0
53f1e6a1-4912-4efa-af69-1baf7ba277fb,2023-2024,7,7,B,active,88.2051282051282,9.400950363994529,58.512793367398494,23.13520691921974,1.0,0.0,1.0
53f1e6a1-4912-4efa-af69-1baf7ba277fb,2024-2025,8,7,B,active,68.92307692307692,12.259013043867629,58.35693549307411,26.417975854650834,2.0,0.0,2.0
d4dc8336-9679-4b70-8d14-2d21ec799a20,2023-2024,7,7,B,active,65.84615384615384,11.959445642711524,52.99275239550546,27.046781725859006,2.0,1.0,3.0
d4dc8336-9679-4b70-8d14-2d21ec799a20,2024-2025,8,7,B,active,61.43589743589744,13.122489477780766,57.571088306439016,24.1237242925071,2.0,1.0,3.0
52d6c531-d4fd-4242-bcde-843e5fca3d30,2023-2024,7,7,C,active,70.76923076923077,8.90435002640353,38.154840156917494,22.2476040375179,1.0,2.0,3.0
52d6c531-d4fd-4242-bcde-843e5fca3d30,2024-2025,8,7,C,active,66.66666666666667,11.363221683023868,40.3157426723961,22.014214635944224,1.0,2.0,3.0
ac7be2a2-265c-4976-8ca0-fd56a3838794,2023-2024,7,7,C,active,41.64102564102564,13.352482874745725,44.57272260093417,23.816043009346018,1.0,1.0,2.0
ac7be2a2-265c-4976-8ca0-fd56a3838794,2024-2025,8,7,C,active,72.2051282051282,11.532972153510878,52.57273531264298,22.306180264518826,1.0,1.0,2.0
abea7f8b-8429-4efb-b1b5-d54a6e66e987,2023-2024,7,7,C,active,31.692307692307693,12.460788701391609,49.87413428629445,26.562730296177325,3.0,0.0,3.0
abea7f8b-8429-4efb-b1b5-d54a6e66e987,2024-2025,8,7,C,active,38.56410256410256,15.175802886581051,54.898747444927956,21.063919769162204,,,
e4839483-52e0-4aba-9674-de2f1be6c57f,2023-2024,7,7,C,active,42.97435897435897,14.413968333908057,52.90126363496176,20.964726565057937,1.0,1.0,2.0
e4839483-52e0-4aba-9674-de2f1be6c57f,2024-2025,8,7,C,active,70.56410256410257,11.44275195045886,53.319942634373,25.60642779614889,2.0,1.0,3.0
58150e5b-ecdc-4af3-9d89-2589b5f93289,2023-2024,7,7,C,active,76.0,11.011955225786965,61.18487627269069,23.287494845472253,3.0,0.0,3.0
58150e5b-ecdc-4af3-9d89-2589b5f93289,2024-2025,8,7,C,active,63.8974358974359,12.46425388185386,52.77779864700944,23.41553942375203,,,
195e33f4-ce7c-4cc3-b077-4b011441dfab,2023-2024,7,7,C,active,73.43589743589743,12.362496068425477,57.387921754335416,26.062109061230153,2.0,1.0,3.0
195e33f4-ce7c-4cc3-b077-4b011441dfab,2024-2025,8,7,C,active,58.05128205128205,16.641654646270062,50.23096050943931,25.044401098042062,2.0,1.0,3.0
78a413b1-a302-429c-beae-d74aca75d220,2023-2024,7,7,C,active,41.43589743589744,12.052068771518616,54.31053000961309,25.9909557455095,2.0,0.0,2.0
78a413b1-a302-429c-beae-d74aca75d220,2024-2025,8,7,C,active,65.53846153846153,11.149335958149809,55.856651359487,23.934578121004098,2.0,0.0,2.0
45d52aac-737c-4408-977b-5eb95f0d0651,2023-2024,7,7,C,active,28.205128205128204,12.37820556500201,52.54754429555278,25.80626673438123,2.0,1.0,3.0
45d52aac-737c-4408-977b-5eb95f0d0651,2024-2025,8,7,C,active,36.61538461538461,16.60788554717843,52.84437081831913,25.743489641906173,5.0,1.0,6.0
043edbab-e1b9-49ab-baf3-00336ff48c36,2023-2024,7,7,C,active,42.05128205128205,13.607174419456506,50.640348826774996,23.2818887066124,2.0,1.0,3.0
043edbab-e1b9-49ab-baf3-00336ff48c36,2024-2025,8,7,C,active,57.23076923076923,14.01214048501013,39.705548833577325,21.54925102397241,0.0,1.0,1.0
69b44190-fc1c-4602-92a1-9b7503fe698d,2023-2024,7,7,C,active,42.05128205128205,13.822081338337464,50.534843286137125,24.703682387742674,3.0,0.0,3.0
69b44190-fc1c-4602-92a1-9b7503fe698d,2024-2025,8,7,C,active,56.1025641025641,12.632028781913792,50.2404615621113,25.634727865660665,1.0,0.0,1.0
7fd02378-ccb3-4f87-9301-6e2fd5081535,2023-2024,7,7,C,active,56.717948717948715,13.69969019616813,45.29974711119234,22.877936104285883,3.0,2.0,5.0
7fd02378-ccb3-4f87-9301-6e2fd5081535,2024-2025,8,7,C,active,81.23076923076923,9.932566156102062,57.13797191685367,24.0887419605959,1.0,2.0,3.0
3e50eb0e-e429-48f3-8938-ddc2148a6a90,2023-2024,7,7,C,active,54.05128205128205,15.970282794102824,39.85487492851132,20.772148451026947,4.0,0.0,4.0
3e50eb0e-e429-48f3-8938-ddc2148a6a90,2024-2025,8,7,C,active,87.48717948717949,7.294092039278291,59.25841974152349,19.62305174231772,3.0,0.0,3.0
4d3ed81a-9aa4-4e20-b43b-5b9690ebb257,2023-2024,7,7,C,active,47.58974358974359,14.23989567658036,49.60344831324198,20.489691046808883,1.0,0.0,1.0
4d3ed81a-9aa4-4e20-b43b-5b9690ebb257,2024-2025,8,7,C,active,85.43589743589743,7.426109244787583,45.40370933039005,29.120339339334503,,,
eb9c69b3-a9ba-41a6-87f6-da8751d3e168,2023-2024,7,7,C,active,39.17948717948718,13.015925053304988,47.695240763382756,19.613288190899667,2.0,1.0,3.0
eb9c69b3-a9ba-41a6-87f6-da8751d3e168,2024-2025,8,7,C,active,54.46153846153846,13.286015904833237,54.658841499818095,20.919208368885524,3.0,1.0,4.0
6a260288-b13a-45d1-bead-8610f365e54e,2023-2024,7,7,C,active,72.61538461538461,13.409767423344007,43.45805119532891,23.41890310515517,3.0,2.0,5.0
6a260288-b13a-45d1-bead-8610f365e54e,2024-2025,8,7,C,active,68.41025641025641,12.304722988643851,46.1317422344758,24.39462356367899,1.0,2.0,3.0
b15684a3-0908-41ac-ac20-3bface5f8ed2,2024-2025,7,7,A,active,38.76923076923077,11.685487036809779,40.52120734056899,22.619741736862373,4.0,1.0,5.0
ea0d18cb-681d-45c4-8f09-26f88a6e9bc4,2024-2025,7,7,A,active,45.743589743589745,12.840556531466492,70.42678572673026,20.11200042265685,4.0,0.0,4.0
db489c7e-3be0-4984-a132-687cac789dae,2024-2025,7,7,A,active,59.07692307692308,11.624349705375977,44.47872097948479,23.43352808656546,2.0,0.0,2.0
dc2c09a8-303e-4bf5-ba37-6376127bf50d,2024-2025,7,7,A,active,18.666666666666668,11.727909432167472,53.47052578923566,22.772382129777906,1.0,1.0,2.0
dca86c55-d850-4d26-83f1-abe12e971810,2024-2025,7,7,A,active,76.3076923076923,10.31645044565091,44.55920618404334,22.381954347526005,,,
3203852c-5864-4b3c-b53b-e622cb8c6988,2024-2025,7,7,A,active,73.74358974358974,11.563822780592268,43.80984921085583,25.711710134686996,,,
fd761f52-218e-4803-a6f9-0c7bc6d5ca9d,2024-2025,7,7,A,active,21.94871794871795,10.891688569365074,55.79636002514395,25.303444571432962,2.0,0.0,2.0
717ee598-df2a-43dc-a7cc-2f3506e633b6,2024-2025,7,7,A,active,23.794871794871796,12.20694256125002,60.91327732296563,20.76138419292806,2.0,1.0,3.0
c5bf30b5-42b8-4af0-a2c0-60d8da2ff309,2024-2025,7,7,A,active,42.256410256410255,10.849976834120184,48.218306718711105,23.344627935498618,3.0,3.0,6.0
ce31426c-217d-4592-98de-4a4eef5979e9,2024-2025,7,7,A,active,57.64102564102564,13.50923111195331,48.76291076840928,23.80267754988602,2.0,1.0,3.0
65393fd9-5f1f-4e29-a55d-bd677ccda9c4,2024-2025,7,7,A,active,36.1025641025641,12.86323785013726,58.45647360447647,25.64203304677225,3.0,0.0,3.0
1fba1252-d7f3-4b7f-bdb3-14b092c6a51e,2024-2025,7,7,A,active,55.282051282051285,12.90848092891018,42.58303916780697,19.083833258253442,2.0,0.0,2.0
73abf70f-2fef-4983-b956-49fc2826748e,2024-2025,7,7,A,active,44.61538461538461,13.68944154144351,49.60363287507015,26.345116644570812,0.0,1.0,1.0
b6274717-b47b-4b25-b3dd-551014f48c65,2024-2025,7,7,A,active,70.15384615384616,14.620710727807822,42.40675289245051,21.005769915055687,2.0,1.0,3.0
ec8f5711-3e9d-4869-a44e-75823632927c,2024-2025,7,7,A,active,41.02564102564103,15.014882405707343,38.759724366103875,21.843875501872663,1.0,0.0,1.0
dc8f768e-5757-4778-a015-cd2c5cb73950,2024-2025,7,7,B,active,83.38461538461539,9.648057848236347,44.60735979989331,23.58022752377266,1.0,2.0,3.0
6db58429-db35-4162-9636-91d512260341,2024-2025,7,7,B,active,57.12820512820513,12.84560028545405,53.59910410338949,19.51970854239664,1.0,0.0,1.0
6ce6b271-1775-4587-ae4f-a2cd1a20704d,2024-2025,7,7,B,active,60.717948717948715,11.711327665192853,49.96359081577947,20.446991559507747,2.0,1.0,3.0
355d490e-709c-4419-9638-0c36229ee10a,2024-2025,7,7,B,active,56.92307692307692,10.952972716848718,41.015925694334875,19.010837213441157,1.0,0.0,1.0
9dfd8c65-18d0-4842-8cb2-98d06fdde2bb,2024-2025,7,7,B,active,61.12820512820513,11.274515947549675,45.84551960517373,23.356360897531186,2.0,0.0,2.0
d1bf0139-9002-48a7-a166-4d4b2922ea8b,2024-2025,7,7,B,active,81.33333333333333,7.804632002968133,52.259106003221156,23.525658693546998,2.0,0.0,2.0
e99ceae8-8157-42d3-99ed-a1cfc7c4251a,2024-2025,7,7,B,active,57.64102564102564,16.018882245464635,40.872633864176144,23.022143156671806,1.0,2.0,3.0
300f3c61-c146-4dc2-8e33-6db0090d5a38,2024-2025,7,7,B,active,63.69230769230769,13.684708804381943,40.5389675922634,23.617407976792983,1.0,0.0,1.0
d913aff6-754c-498d-95e5-403184e228d7,2024-2025,7,7,B,active,74.46153846153847,12.091419649892133,55.775904036128324,23.0657490326803,2.0,0.0,2.0
2dc52a53-ff6f-4b33-bb9e-da403bac8c3c,2024-2025,7,7,B,active,55.794871794871796,14.681136280381395,45.121924490615434,22.83449993492605,1.0,2.0,3.0
c959f594-c788-4408-82f8-6b0890686b28,2024-2025,7,7,B,active,53.43589743589744,13.657068483688262,47.03493954289608,18.597614155603946,1.0,2.0,3.0
e7c60af5-d3c2-4ade-b55e-fe8efe8513af,2024-2025,7,7,B,active,48.51282051282051,15.332922602021057,39.304263018407234,21.06585595075751,1.0,0.0,1.0
a6c6fa4f-b5d3-41b4-ae91-39cb929b8c6d,2024-2025,7,7,B,active,79.58974358974359,13.417816021045635,47.39141770872613,22.53003618880503,1.0,0.0,1.0
5efdd789-461c-481c-8057-499baf9356e0,2024-2025,7,7,B,active,53.12820512820513,11.38600130164342,35.3046690653758,22.644031564109973,2.0,3.0,5.0
74df4f54-4f69-4bcb-9f96-8a89ab3aeb4c,2024-2025,7,7,B,active,16.307692307692307,8.820293127226691,43.65920627681295,22.478687017682972,2.0,0.0,2.0
2d54a659-9b9b-464f-ab6c-5a300ee1a07d,2024-2025,7,7,C,active,71.38461538461539,11.627135649024211,53.38555744391308,23.022397853757322,2.0,1.0,3.0
76810c09-44be-4da9-8017-b1cdba240d9f,2024-2025,7,7,C,active,58.256410256410255,15.212041540413319,51.90641206650362,24.361997463874008,1.0,1.0,2.0
f926d5f4-c0e9-446c-b806-b5df7fc51128,2024-2025,7,7,C,active,82.35897435897436,10.207033641684694,56.05033361181292,20.75713055956249,2.0,1.0,3.0
876002a2-3b89-47fd-b916-65f6c92adc73,2024-2025,7,7,C,active,60.205128205128204,14.738384341896056,55.2901626510701,23.276543604029712,1.0,0.0,1.0
82284926-4f82-4c03-8e3d-6b3691a185b7,2024-2025,7,7,C,active,42.56410256410256,11.661440896333417,52.592504018556994,23.015617436136193,2.0,3.0,5.0
474c18dd-b149-4650-9c6a-8e35441986a7,2024-2025,7,7,C,active,45.43589743589744,12.531633387456912,55.869436227616674,21.01184423503078,1.0,1.0,2.0
c93144e3-8cb8-4ac2-8968-0e88ccb8a735,2024-2025,7,7,C,active,68.71794871794872,13.973562854168803,51.28676950501044,25.624606275336628,1.0,1.0,2.0
b1a5a700-5f9c-47bb-860d-70b5561c97c3,2024-2025,7,7,C,active,79.28205128205128,9.216543243848099,52.194118013105786,21.777529946644226,1.0,2.0,3.0
f4068980-c35b-4859-9fee-6b792aaa48d5,2024-2025,7,7,C,active,70.15384615384616,11.924186966741745,45.70051251698973,23.683708708197795,1.0,3.0,4.0
acf56a66-6c8b-437c-97e1-1e428cb0e354,2024-2025,7,7,C,active,51.07692307692308,13.532387301318069,52.651667207923005,17.784014083057702,0.0,3.0,3.0
c49465bb-1140-4e1f-8275-07d26325a4f9,2024-2025,7,7,C,active,71.48717948717949,12.283647227260259,50.08567262218173,24.4600417923635,0.0,1.0,1.0
72c04a50-f203-4b88-8914-e7d8f3acf94d,2024-2025,7,7,C,active,40.1025641025641,13.15453668350295,44.173717118313576,23.075925386102337,2.0,0.0,2.0
0d399ff3-89d2-401a-9d72-6cd4d853ce40,2024-2025,7,7,C,active,63.58974358974359,9.483275996022373,46.13513947283642,20.76802337512542,,,
379425ea-046b-446c-89e5-742aad9cd13b,2024-2025,7,7,C,active,50.87179487179487,12.103021560923683,47.4419837402902,24.284654446127917,2.0,1.0,3.0
fdce04ca-7ef6-4765-9199-2703ef2e78b8,2024-2025,7,7,C,active,62.87179487179487,11.459722342506451,51.90439987221087,23.627104923659694,1.0,1.0,2.0
